"celltype","inj","time","n","pct"
"B cell","Crush",0,58,0
"cLTMR1","Crush",0,926,0.647948164146868
"Endothelial","Crush",0,528,0.378787878787879
"Fibroblast","Crush",0,1384,1.22832369942197
"Macrophage","Crush",0,159,0
"Neutrophil","Crush",0,52,0
"NF1","Crush",0,1509,0.331345261762757
"NF2","Crush",0,1548,0.839793281653747
"NF3","Crush",0,374,0.267379679144385
"NP","Crush",0,3042,0.591715976331361
"p_cLTMR2","Crush",0,562,1.06761565836299
"PEP1","Crush",0,1759,1.70551449687322
"PEP2","Crush",0,812,0.369458128078818
"Pericyte","Crush",0,171,1.16959064327485
"Satglia","Crush",0,1552,1.28865979381443
"Schwann_M","Crush",0,1075,0.558139534883721
"Schwann_N","Crush",0,658,3.64741641337386
"SST","Crush",0,659,1.82094081942337
"cLTMR1","Crush",6,114,1.75438596491228
"Endothelial","Crush",6,127,0.78740157480315
"Fibroblast","Crush",6,466,0.429184549356223
"Macrophage","Crush",6,62,1.61290322580645
"NF1","Crush",6,495,0.606060606060606
"NF2","Crush",6,557,1.07719928186715
"NF3","Crush",6,81,1.23456790123457
"NP","Crush",6,540,0.37037037037037
"p_cLTMR2","Crush",6,101,2.97029702970297
"PEP1","Crush",6,270,10.3703703703704
"PEP2","Crush",6,162,0.617283950617284
"Pericyte","Crush",6,40,0
"Satglia","Crush",6,303,0.66006600660066
"Schwann_M","Crush",6,343,0.583090379008746
"Schwann_N","Crush",6,232,3.87931034482759
"SST","Crush",6,118,0.847457627118644
"cLTMR1","Crush",24,149,38.255033557047
"Endothelial","Crush",24,113,13.2743362831858
"Fibroblast","Crush",24,425,12.7058823529412
"Macrophage","Crush",24,81,19.7530864197531
"NF1","Crush",24,722,42.797783933518
"NF2","Crush",24,779,55.0706033376123
"NF3","Crush",24,151,38.4105960264901
"NP","Crush",24,527,45.1612903225806
"p_cLTMR2","Crush",24,65,43.0769230769231
"PEP1","Crush",24,356,46.9101123595506
"PEP2","Crush",24,185,27.027027027027
"Pericyte","Crush",24,51,13.7254901960784
"Satglia","Crush",24,459,15.0326797385621
"Schwann_M","Crush",24,515,11.0679611650485
"Schwann_N","Crush",24,246,24.390243902439
"SST","Crush",24,147,4.76190476190476
"B cell","Crush",72,75,40
"cLTMR1","Crush",72,278,51.4388489208633
"Endothelial","Crush",72,550,37.2727272727273
"Fibroblast","Crush",72,2330,36.9957081545064
"Macrophage","Crush",72,713,37.5876577840112
"Neutrophil","Crush",72,102,38.2352941176471
"NF1","Crush",72,974,43.7371663244353
"NF2","Crush",72,1575,61.3333333333333
"NF3","Crush",72,243,39.917695473251
"NP","Crush",72,1181,62.4047417442845
"p_cLTMR2","Crush",72,194,63.9175257731959
"PEP1","Crush",72,389,41.1311053984576
"PEP2","Crush",72,320,51.5625
"Pericyte","Crush",72,292,35.958904109589
"Repair schwann_N","Crush",72,99,45.4545454545455
"Satglia","Crush",72,1327,31.7256970610399
"Schwann_M","Crush",72,1636,30.0122249388753
"Schwann_N","Crush",72,1834,44.3838604143948
"SST","Crush",72,212,33.4905660377358
"B cell","Crush",168,71,14.0845070422535
"cLTMR1","Crush",168,697,37.5896700143472
"Endothelial","Crush",168,578,30.4498269896194
"Fibroblast","Crush",168,2184,28.9377289377289
"Macrophage","Crush",168,623,30.4975922953451
"Neutrophil","Crush",168,101,26.7326732673267
"NF1","Crush",168,1784,39.237668161435
"NF2","Crush",168,2231,63.6037651277454
"NF3","Crush",168,354,27.4011299435028
"NP","Crush",168,2729,52.6200073286918
"p_cLTMR2","Crush",168,436,58.4862385321101
"PEP1","Crush",168,1103,23.7533998186763
"PEP2","Crush",168,744,47.3118279569892
"Pericyte","Crush",168,268,30.5970149253731
"Repair schwann_N","Crush",168,147,35.3741496598639
"Satglia","Crush",168,1521,26.3642340565417
"Schwann_M","Crush",168,1410,20
"Schwann_N","Crush",168,1543,40.1814646791964
"SST","Crush",168,594,27.9461279461279
"B cell","Crush",336,63,1.58730158730159
"cLTMR1","Crush",336,243,4.93827160493827
"Endothelial","Crush",336,410,4.63414634146341
"Fibroblast","Crush",336,1690,4.97041420118343
"Macrophage","Crush",336,306,5.55555555555556
"Neutrophil","Crush",336,47,2.12765957446809
"NF1","Crush",336,1606,6.03985056039851
"NF2","Crush",336,2431,10.9008638420403
"NF3","Crush",336,300,2.33333333333333
"NP","Crush",336,842,11.4014251781473
"p_cLTMR2","Crush",336,74,6.75675675675676
"PEP1","Crush",336,586,11.9453924914676
"PEP2","Crush",336,358,22.0670391061453
"Pericyte","Crush",336,205,3.41463414634146
"Repair schwann_N","Crush",336,222,30.6306306306306
"Satglia","Crush",336,884,5.54298642533937
"Schwann_M","Crush",336,663,5.2790346907994
"Schwann_N","Crush",336,887,10.0338218714769
"SST","Crush",336,253,19.3675889328063
"B cell","Crush",672,75,2.66666666666667
"cLTMR1","Crush",672,296,3.37837837837838
"Endothelial","Crush",672,411,5.83941605839416
"Fibroblast","Crush",672,1736,5.29953917050691
"Macrophage","Crush",672,342,4.97076023391813
"Neutrophil","Crush",672,59,11.864406779661
"NF1","Crush",672,1528,6.34816753926702
"NF2","Crush",672,2436,13.3825944170772
"NF3","Crush",672,287,6.96864111498258
"NP","Crush",672,1295,9.72972972972973
"p_cLTMR2","Crush",672,134,7.46268656716418
"PEP1","Crush",672,811,11.7139334155364
"PEP2","Crush",672,469,24.7334754797441
"Pericyte","Crush",672,205,6.34146341463415
"Repair schwann_N","Crush",672,174,24.7126436781609
"Satglia","Crush",672,829,5.91073582629674
"Schwann_M","Crush",672,802,5.11221945137157
"Schwann_N","Crush",672,1020,12.156862745098
"SST","Crush",672,332,20.1807228915663
"B cell","Crush",1440,34,0
"cLTMR1","Crush",1440,311,0.321543408360129
"Endothelial","Crush",1440,217,1.38248847926267
"Fibroblast","Crush",1440,902,1.10864745011086
"Macrophage","Crush",1440,149,1.34228187919463
"Neutrophil","Crush",1440,34,0
"NF1","Crush",1440,1370,1.16788321167883
"NF2","Crush",1440,1328,3.84036144578313
"NF3","Crush",1440,292,0.342465753424658
"NP","Crush",1440,1165,1.20171673819742
"p_cLTMR2","Crush",1440,173,1.73410404624277
"PEP1","Crush",1440,798,3.38345864661654
"PEP2","Crush",1440,383,3.65535248041775
"Pericyte","Crush",1440,105,0.952380952380952
"Repair schwann_N","Crush",1440,31,12.9032258064516
"Satglia","Crush",1440,839,1.66865315852205
"Schwann_M","Crush",1440,944,1.16525423728814
"Schwann_N","Crush",1440,372,4.3010752688172
"SST","Crush",1440,335,7.46268656716418
"cLTMR1","Crush",2160,108,0
"Endothelial","Crush",2160,92,0
"Fibroblast","Crush",2160,257,1.55642023346304
"Macrophage","Crush",2160,53,0
"NF1","Crush",2160,825,1.45454545454545
"NF2","Crush",2160,838,3.46062052505967
"NF3","Crush",2160,212,0.471698113207547
"NP","Crush",2160,450,1.11111111111111
"p_cLTMR2","Crush",2160,48,0
"PEP1","Crush",2160,400,5
"PEP2","Crush",2160,168,1.19047619047619
"Pericyte","Crush",2160,48,0
"Satglia","Crush",2160,265,0.754716981132076
"Schwann_M","Crush",2160,311,1.28617363344051
"Schwann_N","Crush",2160,178,1.12359550561798
"SST","Crush",2160,139,9.35251798561151
"B cell","ScNT",0,58,0
"cLTMR1","ScNT",0,926,0.647948164146868
"Endothelial","ScNT",0,528,0.378787878787879
"Fibroblast","ScNT",0,1384,1.22832369942197
"Macrophage","ScNT",0,159,0
"Neutrophil","ScNT",0,52,0
"NF1","ScNT",0,1509,0.331345261762757
"NF2","ScNT",0,1548,0.839793281653747
"NF3","ScNT",0,374,0.267379679144385
"NP","ScNT",0,3042,0.591715976331361
"p_cLTMR2","ScNT",0,562,1.06761565836299
"PEP1","ScNT",0,1759,1.70551449687322
"PEP2","ScNT",0,812,0.369458128078818
"Pericyte","ScNT",0,171,1.16959064327485
"Satglia","ScNT",0,1552,1.28865979381443
"Schwann_M","ScNT",0,1075,0.558139534883721
"Schwann_N","ScNT",0,658,3.64741641337386
"SST","ScNT",0,659,1.82094081942337
"cLTMR1","ScNT",6,61,1.63934426229508
"Endothelial","ScNT",6,59,0
"Fibroblast","ScNT",6,100,1
"NF1","ScNT",6,90,1.11111111111111
"NF2","ScNT",6,74,1.35135135135135
"NP","ScNT",6,210,0.476190476190476
"p_cLTMR2","ScNT",6,46,2.17391304347826
"PEP1","ScNT",6,145,9.6551724137931
"PEP2","ScNT",6,69,1.44927536231884
"Satglia","ScNT",6,91,0
"Schwann_M","ScNT",6,76,1.31578947368421
"Schwann_N","ScNT",6,83,3.6144578313253
"SST","ScNT",6,60,1.66666666666667
"cLTMR1","ScNT",12,194,31.9587628865979
"Endothelial","ScNT",12,164,3.04878048780488
"Fibroblast","ScNT",12,236,6.77966101694915
"NF1","ScNT",12,212,10.377358490566
"NF2","ScNT",12,202,15.3465346534653
"NP","ScNT",12,658,12.0060790273556
"p_cLTMR2","ScNT",12,107,14.9532710280374
"PEP1","ScNT",12,401,34.9127182044888
"PEP2","ScNT",12,153,15.6862745098039
"Pericyte","ScNT",12,51,11.7647058823529
"Satglia","ScNT",12,147,3.40136054421769
"Schwann_M","ScNT",12,193,4.14507772020725
"Schwann_N","ScNT",12,253,11.0671936758893
"SST","ScNT",12,134,3.73134328358209
"cLTMR1","ScNT",24,32,62.5
"Endothelial","ScNT",24,42,11.9047619047619
"Fibroblast","ScNT",24,38,7.89473684210526
"NF1","ScNT",24,35,37.1428571428571
"NP","ScNT",24,193,41.4507772020725
"p_cLTMR2","ScNT",24,46,19.5652173913043
"PEP1","ScNT",24,184,34.7826086956522
"PEP2","ScNT",24,78,26.9230769230769
"Satglia","ScNT",24,42,7.14285714285714
"Schwann_M","ScNT",24,37,10.8108108108108
"Schwann_N","ScNT",24,32,21.875
"SST","ScNT",24,58,6.89655172413793
"cLTMR1","ScNT",72,130,52.3076923076923
"Endothelial","ScNT",72,161,19.8757763975155
"Fibroblast","ScNT",72,208,21.1538461538462
"Macrophage","ScNT",72,76,28.9473684210526
"NF1","ScNT",72,78,70.5128205128205
"NF2","ScNT",72,70,60
"NP","ScNT",72,341,46.6275659824047
"p_cLTMR2","ScNT",72,118,45.7627118644068
"PEP1","ScNT",72,231,31.6017316017316
"PEP2","ScNT",72,135,51.8518518518518
"Pericyte","ScNT",72,52,15.3846153846154
"Satglia","ScNT",72,227,15.8590308370044
"Schwann_M","ScNT",72,219,22.3744292237443
"Schwann_N","ScNT",72,178,29.7752808988764
"SST","ScNT",72,127,23.6220472440945
"B cell","ScNT",168,165,14.5454545454545
"cLTMR1","ScNT",168,243,25.1028806584362
"Endothelial","ScNT",168,327,32.1100917431193
"Fibroblast","ScNT",168,697,22.0946915351506
"Macrophage","ScNT",168,453,21.8543046357616
"Neutrophil","ScNT",168,107,22.4299065420561
"NF1","ScNT",168,374,37.4331550802139
"NF2","ScNT",168,248,64.9193548387097
"NF3","ScNT",168,91,39.5604395604396
"NP","ScNT",168,858,44.8717948717949
"p_cLTMR2","ScNT",168,111,22.5225225225225
"PEP1","ScNT",168,367,13.0790190735695
"PEP2","ScNT",168,221,47.9638009049774
"Pericyte","ScNT",168,96,26.0416666666667
"Repair schwann_N","ScNT",168,37,27.027027027027
"Satglia","ScNT",168,614,16.7752442996743
"Schwann_M","ScNT",168,411,23.8442822384428
"Schwann_N","ScNT",168,333,32.4324324324324
"SST","ScNT",168,157,24.8407643312102
"cLTMR1","ScNT",672,95,1.05263157894737
"Endothelial","ScNT",672,105,8.57142857142857
"Fibroblast","ScNT",672,161,9.93788819875776
"Macrophage","ScNT",672,32,6.25
"NF1","ScNT",672,151,20.5298013245033
"NF2","ScNT",672,233,53.6480686695279
"NP","ScNT",672,365,9.04109589041096
"p_cLTMR2","ScNT",672,84,3.57142857142857
"PEP1","ScNT",672,391,13.0434782608696
"PEP2","ScNT",672,156,35.2564102564103
"Pericyte","ScNT",672,31,6.45161290322581
"Repair schwann_N","ScNT",672,100,25
"Satglia","ScNT",672,123,2.4390243902439
"Schwann_M","ScNT",672,89,10.1123595505618
"Schwann_N","ScNT",672,150,18
"SST","ScNT",672,148,24.3243243243243
"cLTMR1","ScNT",1440,71,0
"Endothelial","ScNT",1440,59,8.47457627118644
"Fibroblast","ScNT",1440,183,1.09289617486339
"NF1","ScNT",1440,277,4.33212996389892
"NF2","ScNT",1440,317,30.2839116719243
"NF3","ScNT",1440,31,3.2258064516129
"NP","ScNT",1440,196,2.55102040816327
"p_cLTMR2","ScNT",1440,50,2
"PEP1","ScNT",1440,207,8.21256038647343
"PEP2","ScNT",1440,101,1.98019801980198
"Pericyte","ScNT",1440,31,6.45161290322581
"Repair schwann_N","ScNT",1440,77,24.6753246753247
"Satglia","ScNT",1440,274,2.18978102189781
"Schwann_M","ScNT",1440,414,0.72463768115942
"Schwann_N","ScNT",1440,247,6.88259109311741
"SST","ScNT",1440,109,10.0917431192661
"B cell","SpNT",0,58,0
"cLTMR1","SpNT",0,926,0.647948164146868
"Endothelial","SpNT",0,528,0.378787878787879
"Fibroblast","SpNT",0,1384,1.22832369942197
"Macrophage","SpNT",0,159,0
"Neutrophil","SpNT",0,52,0
"NF1","SpNT",0,1509,0.331345261762757
"NF2","SpNT",0,1548,0.839793281653747
"NF3","SpNT",0,374,0.267379679144385
"NP","SpNT",0,3042,0.591715976331361
"p_cLTMR2","SpNT",0,562,1.06761565836299
"PEP1","SpNT",0,1759,1.70551449687322
"PEP2","SpNT",0,812,0.369458128078818
"Pericyte","SpNT",0,171,1.16959064327485
"Satglia","SpNT",0,1552,1.28865979381443
"Schwann_M","SpNT",0,1075,0.558139534883721
"Schwann_N","SpNT",0,658,3.64741641337386
"SST","SpNT",0,659,1.82094081942337
"cLTMR1","SpNT",6,52,9.61538461538462
"Endothelial","SpNT",6,110,5.45454545454545
"Fibroblast","SpNT",6,320,4.0625
"Macrophage","SpNT",6,59,1.69491525423729
"NF1","SpNT",6,154,1.94805194805195
"NF2","SpNT",6,279,3.2258064516129
"NP","SpNT",6,364,13.1868131868132
"p_cLTMR2","SpNT",6,87,5.74712643678161
"PEP1","SpNT",6,268,34.7014925373134
"PEP2","SpNT",6,185,17.2972972972973
"Repair schwann_N","SpNT",6,53,37.7358490566038
"Satglia","SpNT",6,196,2.55102040816327
"Schwann_M","SpNT",6,280,4.64285714285714
"Schwann_N","SpNT",6,131,13.7404580152672
"SST","SpNT",6,91,3.2967032967033
"cLTMR1","SpNT",12,100,71
"Endothelial","SpNT",12,63,6.34920634920635
"Fibroblast","SpNT",12,241,15.3526970954357
"Macrophage","SpNT",12,47,12.7659574468085
"NF1","SpNT",12,405,34.0740740740741
"NF2","SpNT",12,454,30.3964757709251
"NF3","SpNT",12,50,68
"NP","SpNT",12,371,48.5175202156334
"p_cLTMR2","SpNT",12,56,44.6428571428571
"PEP1","SpNT",12,309,71.8446601941748
"PEP2","SpNT",12,166,53.0120481927711
"Repair schwann_N","SpNT",12,35,31.4285714285714
"Satglia","SpNT",12,78,11.5384615384615
"Schwann_M","SpNT",12,85,16.4705882352941
"Schwann_N","SpNT",12,47,23.4042553191489
"SST","SpNT",12,86,5.81395348837209
"cLTMR1","SpNT",24,142,92.2535211267606
"Endothelial","SpNT",24,77,35.0649350649351
"Fibroblast","SpNT",24,233,30.4721030042918
"Macrophage","SpNT",24,81,30.8641975308642
"NF1","SpNT",24,583,75.6432246998285
"NF2","SpNT",24,565,75.5752212389381
"NF3","SpNT",24,79,88.6075949367088
"NP","SpNT",24,464,83.1896551724138
"p_cLTMR2","SpNT",24,44,79.5454545454545
"PEP1","SpNT",24,405,93.0864197530864
"PEP2","SpNT",24,161,80.7453416149068
"Repair fibroblast","SpNT",24,44,27.2727272727273
"Repair schwann_N","SpNT",24,131,33.587786259542
"Satglia","SpNT",24,132,28.7878787878788
"Schwann_M","SpNT",24,147,21.0884353741497
"Schwann_N","SpNT",24,70,50
"SST","SpNT",24,89,39.3258426966292
"cLTMR1","SpNT",36,119,98.3193277310924
"Endothelial","SpNT",36,77,24.6753246753247
"Fibroblast","SpNT",36,139,25.1798561151079
"Macrophage","SpNT",36,93,31.1827956989247
"NF1","SpNT",36,336,92.2619047619048
"NF2","SpNT",36,243,92.1810699588477
"NF3","SpNT",36,61,91.8032786885246
"NP","SpNT",36,390,91.5384615384615
"p_cLTMR2","SpNT",36,164,93.2926829268293
"PEP1","SpNT",36,218,95.4128440366973
"PEP2","SpNT",36,140,76.4285714285714
"Pericyte","SpNT",36,35,62.8571428571429
"Repair fibroblast","SpNT",36,43,23.2558139534884
"Repair schwann_N","SpNT",36,123,42.2764227642276
"Satglia","SpNT",36,198,33.8383838383838
"Schwann_M","SpNT",36,225,13.3333333333333
"Schwann_N","SpNT",36,80,63.75
"SST","SpNT",36,79,83.5443037974684
"cLTMR1","SpNT",48,129,96.1240310077519
"Endothelial","SpNT",48,92,13.0434782608696
"Fibroblast","SpNT",48,119,30.2521008403361
"Macrophage","SpNT",48,115,26.9565217391304
"NF1","SpNT",48,328,93.2926829268293
"NF2","SpNT",48,231,92.6406926406926
"NF3","SpNT",48,60,98.3333333333333
"NP","SpNT",48,363,95.5922865013774
"p_cLTMR2","SpNT",48,114,94.7368421052632
"PEP1","SpNT",48,295,93.8983050847458
"PEP2","SpNT",48,140,82.8571428571429
"Repair fibroblast","SpNT",48,86,24.4186046511628
"Repair schwann_N","SpNT",48,209,46.88995215311
"Satglia","SpNT",48,109,36.697247706422
"Schwann_M","SpNT",48,161,15.527950310559
"Schwann_N","SpNT",48,43,72.0930232558139
"SST","SpNT",48,64,90.625
"cLTMR1","SpNT",72,206,94.6601941747573
"Endothelial","SpNT",72,63,26.984126984127
"Fibroblast","SpNT",72,69,49.2753623188406
"Macrophage","SpNT",72,120,32.5
"NF1","SpNT",72,335,94.3283582089552
"NF2","SpNT",72,348,93.1034482758621
"NF3","SpNT",72,37,89.1891891891892
"NP","SpNT",72,296,88.5135135135135
"p_cLTMR2","SpNT",72,45,84.4444444444444
"PEP1","SpNT",72,464,95.0431034482759
"PEP2","SpNT",72,307,89.5765472312704
"Repair fibroblast","SpNT",72,270,10.7407407407407
"Repair schwann_N","SpNT",72,139,25.8992805755396
"Satglia","SpNT",72,65,26.1538461538462
"Schwann_M","SpNT",72,58,20.6896551724138
"SST","SpNT",72,53,79.2452830188679
"cLTMR1","SpNT",168,42,80.9523809523809
"Endothelial","SpNT",168,46,26.0869565217391
"Fibroblast","SpNT",168,117,17.0940170940171
"Macrophage","SpNT",168,75,28
"NF1","SpNT",168,147,83.6734693877551
"NF2","SpNT",168,203,91.6256157635468
"NP","SpNT",168,197,81.2182741116751
"PEP1","SpNT",168,214,85.0467289719626
"PEP2","SpNT",168,128,85.9375
"Repair fibroblast","SpNT",168,204,6.86274509803922
"Repair schwann_N","SpNT",168,171,16.9590643274854
"Schwann_M","SpNT",168,73,8.21917808219178
"B cell","CFA",0,58,0
"cLTMR1","CFA",0,926,0.647948164146868
"Endothelial","CFA",0,528,0.378787878787879
"Fibroblast","CFA",0,1384,1.22832369942197
"Macrophage","CFA",0,159,0
"Neutrophil","CFA",0,52,0
"NF1","CFA",0,1509,0.331345261762757
"NF2","CFA",0,1548,0.839793281653747
"NF3","CFA",0,374,0.267379679144385
"NP","CFA",0,3042,0.591715976331361
"p_cLTMR2","CFA",0,562,1.06761565836299
"PEP1","CFA",0,1759,1.70551449687322
"PEP2","CFA",0,812,0.369458128078818
"Pericyte","CFA",0,171,1.16959064327485
"Satglia","CFA",0,1552,1.28865979381443
"Schwann_M","CFA",0,1075,0.558139534883721
"Schwann_N","CFA",0,658,3.64741641337386
"SST","CFA",0,659,1.82094081942337
"cLTMR1","CFA",48,56,0
"Endothelial","CFA",48,33,0
"Fibroblast","CFA",48,68,2.94117647058824
"NF1","CFA",48,266,1.8796992481203
"NF2","CFA",48,175,1.14285714285714
"NF3","CFA",48,35,0
"NP","CFA",48,299,0.334448160535117
"p_cLTMR2","CFA",48,33,0
"PEP1","CFA",48,209,1.43540669856459
"PEP2","CFA",48,98,0
"Satglia","CFA",48,131,4.58015267175572
"Schwann_M","CFA",48,128,0
"Schwann_N","CFA",48,65,7.69230769230769
"SST","CFA",48,62,0
"B cell","Paclitaxel",0,58,0
"cLTMR1","Paclitaxel",0,926,0.647948164146868
"Endothelial","Paclitaxel",0,528,0.378787878787879
"Fibroblast","Paclitaxel",0,1384,1.22832369942197
"Macrophage","Paclitaxel",0,159,0
"Neutrophil","Paclitaxel",0,52,0
"NF1","Paclitaxel",0,1509,0.331345261762757
"NF2","Paclitaxel",0,1548,0.839793281653747
"NF3","Paclitaxel",0,374,0.267379679144385
"NP","Paclitaxel",0,3042,0.591715976331361
"p_cLTMR2","Paclitaxel",0,562,1.06761565836299
"PEP1","Paclitaxel",0,1759,1.70551449687322
"PEP2","Paclitaxel",0,812,0.369458128078818
"Pericyte","Paclitaxel",0,171,1.16959064327485
"Satglia","Paclitaxel",0,1552,1.28865979381443
"Schwann_M","Paclitaxel",0,1075,0.558139534883721
"Schwann_N","Paclitaxel",0,658,3.64741641337386
"SST","Paclitaxel",0,659,1.82094081942337
"cLTMR1","Paclitaxel",168,242,1.2396694214876
"Fibroblast","Paclitaxel",168,51,0
"NF1","Paclitaxel",168,438,1.82648401826484
"NF2","Paclitaxel",168,323,0.309597523219814
"NF3","Paclitaxel",168,93,1.0752688172043
"NP","Paclitaxel",168,705,1.70212765957447
"p_cLTMR2","Paclitaxel",168,100,2
"PEP1","Paclitaxel",168,499,2.80561122244489
"PEP2","Paclitaxel",168,180,1.11111111111111
"Satglia","Paclitaxel",168,81,3.7037037037037
"SST","Paclitaxel",168,152,12.5
