"celltype","injury","time","contrast","n_genes","r","rho","neuronal"
"NP","Crush",6,"MINP",11794,-0.00536164177535892,0.0317273330294946,TRUE
"NP","Crush",6,"SNI",11794,0.0243359928904714,-0.0289591587013469,TRUE
"NP","Crush",24,"MINP",11794,-0.0308382482609271,0.0565617112871294,TRUE
"NP","Crush",24,"SNI",11794,0.256631453677623,0.169015354992781,TRUE
"NP","Crush",72,"MINP",11794,-0.00573835086709498,0.0978271564127154,TRUE
"NP","Crush",72,"SNI",11794,0.354466010806827,0.182860256298177,TRUE
"NP","Crush",168,"MINP",11794,-0.0250422441313452,0.0782378050186576,TRUE
"NP","Crush",168,"SNI",11794,0.387256990563454,0.213397913134819,TRUE
"NP","Crush",336,"MINP",11794,0.0158024575881958,0.124371187186666,TRUE
"NP","Crush",336,"SNI",11794,0.153686330115043,-0.00676053147374234,TRUE
"NP","Crush",672,"MINP",11794,0.0389272858318514,0.141451184384918,TRUE
"NP","Crush",672,"SNI",11794,0.126111097624585,-0.0306775512499153,TRUE
"NP","Crush",1440,"MINP",11794,0.0186663717783713,0.0859066786440257,TRUE
"NP","Crush",1440,"SNI",11794,0.0452912108686134,-0.0622234106908188,TRUE
"NP","Crush",2160,"MINP",11794,0.0433809077767215,0.0755113115806762,TRUE
"NP","Crush",2160,"SNI",11794,0.00422548936329623,-0.0492188827961664,TRUE
"NP","ScNT",6,"MINP",11794,0.00345170073242707,0.0261333203066613,TRUE
"NP","ScNT",6,"SNI",11794,0.00831772787429201,-0.0166243784284285,TRUE
"NP","ScNT",12,"MINP",11794,-0.00429556357473349,0.0391127711022303,TRUE
"NP","ScNT",12,"SNI",11794,0.100391191516535,0.0495689431629565,TRUE
"NP","ScNT",24,"MINP",11794,-0.037452499762074,0.0421650384259201,TRUE
"NP","ScNT",24,"SNI",11794,0.239578118297212,0.155693294912049,TRUE
"NP","ScNT",72,"MINP",11794,-0.0428513824984155,0.0319776038571003,TRUE
"NP","ScNT",72,"SNI",11794,0.345752116833978,0.217497517355238,TRUE
"NP","ScNT",168,"MINP",11794,-0.0154369625439402,0.0656623613907304,TRUE
"NP","ScNT",168,"SNI",11794,0.286533568527557,0.127818307875473,TRUE
"NP","ScNT",672,"MINP",11794,0.019502642536546,0.07227458644993,TRUE
"NP","ScNT",672,"SNI",11794,0.147206368268142,0.0811471119614047,TRUE
"NP","ScNT",1440,"MINP",11794,-0.00779218440500683,0.00181552546169168,TRUE
"NP","ScNT",1440,"SNI",11794,0.0580830558694469,0.0327792756523461,TRUE
"NP","SpNT",6,"MINP",11794,-0.0466546766453834,-0.0623759105517707,TRUE
"NP","SpNT",6,"SNI",11794,0.134086994774086,0.111783503515631,TRUE
"NP","SpNT",12,"MINP",11794,-0.0309039706648876,-0.00699216714568558,TRUE
"NP","SpNT",12,"SNI",11794,0.198322566059369,0.156251472645471,TRUE
"NP","SpNT",24,"MINP",11794,-0.0397488991928866,0.0366022622699218,TRUE
"NP","SpNT",24,"SNI",11794,0.312062320728883,0.245064097921167,TRUE
"NP","SpNT",36,"MINP",11794,-0.0358463537925208,0.0208017221266525,TRUE
"NP","SpNT",36,"SNI",11794,0.362399540560854,0.295713552067471,TRUE
"NP","SpNT",48,"MINP",11794,-0.0430551260565,0.012670431980154,TRUE
"NP","SpNT",48,"SNI",11794,0.367139574495226,0.292726149622278,TRUE
"NP","SpNT",72,"MINP",11794,-0.0185935948048214,0.0511216503100688,TRUE
"NP","SpNT",72,"SNI",11794,0.299886934508104,0.216331859175516,TRUE
"NP","SpNT",168,"MINP",11794,0.000425982513144499,0.0519714745854097,TRUE
"NP","SpNT",168,"SNI",11794,0.232946942964499,0.143360073700471,TRUE
"NP","CFA",48,"MINP",11794,-0.0053700170065937,0.0301998926366796,TRUE
"NP","CFA",48,"SNI",11794,-0.00476869769439721,-0.0314667147480567,TRUE
"NP","Paclitaxel",168,"MINP",11794,0.0264593011774526,-0.000577670493020671,TRUE
"NP","Paclitaxel",168,"SNI",11794,0.0429641357028936,0.05479825869027,TRUE
"PEP1","Crush",6,"MINP",11709,-0.000776005475221585,0.00823736141656092,TRUE
"PEP1","Crush",6,"SNI",11709,0.0619705444585828,0.0250470686986674,TRUE
"PEP1","Crush",24,"MINP",11709,-0.0092549273649502,0.032459053014867,TRUE
"PEP1","Crush",24,"SNI",11709,0.263129510044628,0.173878626674585,TRUE
"PEP1","Crush",72,"MINP",11709,0.0134550391660777,0.0782242021026108,TRUE
"PEP1","Crush",72,"SNI",11709,0.319799629680204,0.153398482521369,TRUE
"PEP1","Crush",168,"MINP",11709,-0.0310763148077631,0.0373309955076512,TRUE
"PEP1","Crush",168,"SNI",11709,0.315363912086177,0.130104200661447,TRUE
"PEP1","Crush",336,"MINP",11709,0.0553657032218568,0.118160173974898,TRUE
"PEP1","Crush",336,"SNI",11709,0.108259988422279,0.000811706289555679,TRUE
"PEP1","Crush",672,"MINP",11709,0.0344004249743907,0.106855521177635,TRUE
"PEP1","Crush",672,"SNI",11709,0.0986963555951095,-0.00806967942768916,TRUE
"PEP1","Crush",1440,"MINP",11709,0.0464805488077115,0.0871148849231066,TRUE
"PEP1","Crush",1440,"SNI",11709,0.0416593137733736,-0.0476305139621181,TRUE
"PEP1","Crush",2160,"MINP",11709,0.0148713702181858,0.0396764308849608,TRUE
"PEP1","Crush",2160,"SNI",11709,0.0397581134306085,-0.000179648984501734,TRUE
"PEP1","ScNT",6,"MINP",11709,0.00846907142054247,0.0250165625066235,TRUE
"PEP1","ScNT",6,"SNI",11709,0.0439566431246319,0.0265837057868461,TRUE
"PEP1","ScNT",12,"MINP",11709,-0.00592037386327372,0.0293491037835171,TRUE
"PEP1","ScNT",12,"SNI",11709,0.14804143342056,0.112859646243838,TRUE
"PEP1","ScNT",24,"MINP",11709,-0.00203426233014831,0.0451510659131853,TRUE
"PEP1","ScNT",24,"SNI",11709,0.177858227672882,0.106310469475557,TRUE
"PEP1","ScNT",72,"MINP",11709,-0.0272010823680273,0.0184943207213981,TRUE
"PEP1","ScNT",72,"SNI",11709,0.322176167470217,0.207645551479361,TRUE
"PEP1","ScNT",168,"MINP",11709,-0.0544781849262823,-0.0347962827938343,TRUE
"PEP1","ScNT",168,"SNI",11709,0.155853379624382,0.0805196964556652,TRUE
"PEP1","ScNT",672,"MINP",11709,-0.00736122533668898,0.0128683210014284,TRUE
"PEP1","ScNT",672,"SNI",11709,0.142619207750573,0.0898963599792567,TRUE
"PEP1","ScNT",1440,"MINP",11709,-0.00490709414429278,0.0296766796749333,TRUE
"PEP1","ScNT",1440,"SNI",11709,0.0659790725328956,-0.0129415198550618,TRUE
"PEP1","SpNT",6,"MINP",11709,-0.0297589296357306,-0.0657450111792644,TRUE
"PEP1","SpNT",6,"SNI",11709,0.140110903755623,0.146235858961118,TRUE
"PEP1","SpNT",12,"MINP",11709,-0.0239955978578388,-0.0298097762802857,TRUE
"PEP1","SpNT",12,"SNI",11709,0.223484331983546,0.206782066454097,TRUE
"PEP1","SpNT",24,"MINP",11709,-0.012385254875718,0.0149246997377287,TRUE
"PEP1","SpNT",24,"SNI",11709,0.375545329623797,0.326746941622329,TRUE
"PEP1","SpNT",36,"MINP",11709,-0.012907255171509,-0.0147276215044297,TRUE
"PEP1","SpNT",36,"SNI",11709,0.330166726112574,0.300930630481473,TRUE
"PEP1","SpNT",48,"MINP",11709,-0.0452227379202231,-0.0552184062469894,TRUE
"PEP1","SpNT",48,"SNI",11709,0.392530807275136,0.336931388975417,TRUE
"PEP1","SpNT",72,"MINP",11709,-0.0297958435501695,-0.0337444010640545,TRUE
"PEP1","SpNT",72,"SNI",11709,0.351010552751983,0.296697947627692,TRUE
"PEP1","SpNT",168,"MINP",11709,-0.0275902914486235,-0.0217953495851924,TRUE
"PEP1","SpNT",168,"SNI",11709,0.313088016457363,0.24323113909347,TRUE
"PEP1","CFA",48,"MINP",11709,-0.0120102899783046,0.0148485388947811,TRUE
"PEP1","CFA",48,"SNI",11709,0.00821926254508851,-0.00767335673247497,TRUE
"PEP1","Paclitaxel",168,"MINP",11709,-0.0133065533413785,-0.0315980635123952,TRUE
"PEP1","Paclitaxel",168,"SNI",11709,0.0113453970696663,0.0402206499529154,TRUE
"PEP2","Crush",6,"MINP",10008,-0.0290560958936472,-0.0451185064947334,TRUE
"PEP2","Crush",6,"SNI",10008,0.0576954448232473,0.0407924340973985,TRUE
"PEP2","Crush",24,"MINP",10008,-0.0312284518784824,-0.00386704987711736,TRUE
"PEP2","Crush",24,"SNI",10008,0.188526059352784,0.124081928531361,TRUE
"PEP2","Crush",72,"MINP",10008,-0.00461161237896567,0.0817212816711441,TRUE
"PEP2","Crush",72,"SNI",10008,0.4109823661775,0.237203309335403,TRUE
"PEP2","Crush",168,"MINP",10008,-0.0182851681462836,0.0558881208656285,TRUE
"PEP2","Crush",168,"SNI",10008,0.465142019418838,0.299953004649497,TRUE
"PEP2","Crush",336,"MINP",10008,-0.0064438456142325,0.0755590565409988,TRUE
"PEP2","Crush",336,"SNI",10008,0.30302194817388,0.123123707549014,TRUE
"PEP2","Crush",672,"MINP",10008,0.00626897539503992,0.0930690935630829,TRUE
"PEP2","Crush",672,"SNI",10008,0.309016911635496,0.129151930426972,TRUE
"PEP2","Crush",1440,"MINP",10008,-0.0186503768109015,0.027278865976763,TRUE
"PEP2","Crush",1440,"SNI",10008,0.0907864179485543,0.00125830543907223,TRUE
"PEP2","Crush",2160,"MINP",10008,-0.0234915626533232,-0.0139103587552335,TRUE
"PEP2","Crush",2160,"SNI",10008,0.0312306435253881,0.012282599529199,TRUE
"PEP2","ScNT",6,"MINP",10008,0.00911437205651337,0.0341439474063454,TRUE
"PEP2","ScNT",6,"SNI",10008,0.0253698973293934,-0.00501707255938425,TRUE
"PEP2","ScNT",12,"MINP",10008,-0.0206336620489394,0.00203396861609432,TRUE
"PEP2","ScNT",12,"SNI",10008,0.100405179209991,0.0739754487198125,TRUE
"PEP2","ScNT",24,"MINP",10008,-0.00299619026616694,0.0456559192060324,TRUE
"PEP2","ScNT",24,"SNI",10008,0.19140162555538,0.117936667117575,TRUE
"PEP2","ScNT",72,"MINP",10008,-0.0215568212319735,0.0441361678548259,TRUE
"PEP2","ScNT",72,"SNI",10008,0.375381265417784,0.256126963957836,TRUE
"PEP2","ScNT",168,"MINP",10008,-0.00950969281630136,0.0723571384126435,TRUE
"PEP2","ScNT",168,"SNI",10008,0.375548306973573,0.232948239724407,TRUE
"PEP2","ScNT",672,"MINP",10008,-0.0277599796350348,0.0373369758032732,TRUE
"PEP2","ScNT",672,"SNI",10008,0.376531414736292,0.245369915773732,TRUE
"PEP2","ScNT",1440,"MINP",10008,-0.0284353294965693,-0.0445787371589801,TRUE
"PEP2","ScNT",1440,"SNI",10008,0.0830579837319234,0.0646106073108166,TRUE
"PEP2","SpNT",6,"MINP",10008,-0.0107122704680491,-0.023080713112449,TRUE
"PEP2","SpNT",6,"SNI",10008,0.118288624943686,0.111250269899371,TRUE
"PEP2","SpNT",12,"MINP",10008,-0.0334781772016162,-0.0456157410119175,TRUE
"PEP2","SpNT",12,"SNI",10008,0.217989244428791,0.184136336432959,TRUE
"PEP2","SpNT",24,"MINP",10008,-0.0111001416933628,0.0525378783952302,TRUE
"PEP2","SpNT",24,"SNI",10008,0.354475725867652,0.276651234409531,TRUE
"PEP2","SpNT",36,"MINP",10008,-0.0147126536982676,0.0217619896725567,TRUE
"PEP2","SpNT",36,"SNI",10008,0.390462789706717,0.32232804039883,TRUE
"PEP2","SpNT",48,"MINP",10008,-0.0228429590109641,0.00234524424187372,TRUE
"PEP2","SpNT",48,"SNI",10008,0.403731538270516,0.342883952519577,TRUE
"PEP2","SpNT",72,"MINP",10008,0.000171984630758292,0.0612372223060779,TRUE
"PEP2","SpNT",72,"SNI",10008,0.435857511471006,0.349479528906706,TRUE
"PEP2","SpNT",168,"MINP",10008,0.00536426560380714,0.0592131523667149,TRUE
"PEP2","SpNT",168,"SNI",10008,0.366370887527218,0.267939919545961,TRUE
"PEP2","CFA",48,"MINP",10008,0.0309700094913585,0.0611932688367547,TRUE
"PEP2","CFA",48,"SNI",10008,-0.0324703427780207,-0.0547428550019693,TRUE
"PEP2","Paclitaxel",168,"MINP",10008,0.00127921331625886,-0.0390360098053134,TRUE
"PEP2","Paclitaxel",168,"SNI",10008,-0.00714630042065924,0.0121062909536824,TRUE
"NF1","Crush",6,"MINP",10125,0.0184291666093956,0.0256535522106373,TRUE
"NF1","Crush",6,"SNI",10125,-0.0225995435694433,-0.0562692702108778,TRUE
"NF1","Crush",24,"MINP",10125,-0.0263887414176037,0.0269061852476437,TRUE
"NF1","Crush",24,"SNI",10125,0.255540537965488,0.13279224550052,TRUE
"NF1","Crush",72,"MINP",10125,-0.0528774777186804,0.0199636116034349,TRUE
"NF1","Crush",72,"SNI",10125,0.38481121998423,0.183514394397891,TRUE
"NF1","Crush",168,"MINP",10125,-0.104533913750462,-0.0575120662273007,TRUE
"NF1","Crush",168,"SNI",10125,0.430276419740109,0.24660427538244,TRUE
"NF1","Crush",336,"MINP",10125,0.00559732818632523,0.0556901274813846,TRUE
"NF1","Crush",336,"SNI",10125,0.149879455729506,-0.00455522682618791,TRUE
"NF1","Crush",672,"MINP",10125,0.0114122771220999,0.0645886988325623,TRUE
"NF1","Crush",672,"SNI",10125,0.141652429294121,-0.0170454125856341,TRUE
"NF1","Crush",1440,"MINP",10125,0.0220294816952832,0.016009789156532,TRUE
"NF1","Crush",1440,"SNI",10125,-0.0146337779497594,-0.0497451908265436,TRUE
"NF1","Crush",2160,"MINP",10125,0.0286698193714471,0.0321841685178143,TRUE
"NF1","Crush",2160,"SNI",10125,-0.0203778214040662,-0.04358377245277,TRUE
"NF1","ScNT",6,"MINP",10125,0.0144390539256829,0.00564191834544476,TRUE
"NF1","ScNT",6,"SNI",10125,-0.0183724308996138,-0.0218220070258796,TRUE
"NF1","ScNT",12,"MINP",10125,-0.0399085716934475,-0.045981879875227,TRUE
"NF1","ScNT",12,"SNI",10125,0.0640712278432725,0.0593424249729206,TRUE
"NF1","ScNT",24,"MINP",10125,-0.0096184428762238,-0.0065312554668522,TRUE
"NF1","ScNT",24,"SNI",10125,0.112671238595897,0.104731520634639,TRUE
"NF1","ScNT",72,"MINP",10125,-0.0729186004904809,-0.0271311611880062,TRUE
"NF1","ScNT",72,"SNI",10125,0.379210362064585,0.320403970683266,TRUE
"NF1","ScNT",168,"MINP",10125,-0.0763232305861375,-0.0346240536302574,TRUE
"NF1","ScNT",168,"SNI",10125,0.323141643719244,0.214317784930844,TRUE
"NF1","ScNT",672,"MINP",10125,-0.0578427627027364,-0.017812761152132,TRUE
"NF1","ScNT",672,"SNI",10125,0.290774739350067,0.173296047002901,TRUE
"NF1","ScNT",1440,"MINP",10125,-0.0120034510526764,-0.00496052956913232,TRUE
"NF1","ScNT",1440,"SNI",10125,0.0955843879370972,0.0193273347025489,TRUE
"NF1","SpNT",6,"MINP",10125,-0.00928043199431432,-0.0118447447548975,TRUE
"NF1","SpNT",6,"SNI",10125,0.0231496083428153,0.00153600402807329,TRUE
"NF1","SpNT",12,"MINP",10125,-0.00545147935382647,-0.00310024200544735,TRUE
"NF1","SpNT",12,"SNI",10125,0.131033671680128,0.0565640378067685,TRUE
"NF1","SpNT",24,"MINP",10125,-0.0387523498686411,0.00525829029911812,TRUE
"NF1","SpNT",24,"SNI",10125,0.360430845151518,0.273902571891898,TRUE
"NF1","SpNT",36,"MINP",10125,-0.0813543907075517,-0.0637668311401803,TRUE
"NF1","SpNT",36,"SNI",10125,0.405833506858733,0.383265377065102,TRUE
"NF1","SpNT",48,"MINP",10125,-0.0776730408090764,-0.0582052880203817,TRUE
"NF1","SpNT",48,"SNI",10125,0.46988813422874,0.429868705442282,TRUE
"NF1","SpNT",72,"MINP",10125,-0.0933094495559539,-0.0641156605860575,TRUE
"NF1","SpNT",72,"SNI",10125,0.418746086084782,0.365800390904496,TRUE
"NF1","SpNT",168,"MINP",10125,-0.0738690240475225,-0.043914523236771,TRUE
"NF1","SpNT",168,"SNI",10125,0.398451832565287,0.322110319873412,TRUE
"NF1","CFA",48,"MINP",10125,-0.0129119657609749,-0.0149196533391335,TRUE
"NF1","CFA",48,"SNI",10125,-0.0269923749257696,-0.0214878757400869,TRUE
"NF1","Paclitaxel",168,"MINP",10125,-0.0345457283193684,-0.0582794805035163,TRUE
"NF1","Paclitaxel",168,"SNI",10125,0.0430857880763783,0.0366669227715228,TRUE
"NF2","Crush",6,"MINP",10332,0.0570724481318977,0.0738722055348946,TRUE
"NF2","Crush",6,"SNI",10332,0.00362761179931884,-0.0306188445014506,TRUE
"NF2","Crush",24,"MINP",10332,-0.00694451293622772,0.0387607001772408,TRUE
"NF2","Crush",24,"SNI",10332,0.287308212363714,0.21500522921106,TRUE
"NF2","Crush",72,"MINP",10332,-0.0582324667449719,0.00397957350762667,TRUE
"NF2","Crush",72,"SNI",10332,0.446709590271958,0.342286529229469,TRUE
"NF2","Crush",168,"MINP",10332,-0.0790701322672104,-0.0312168733836538,TRUE
"NF2","Crush",168,"SNI",10332,0.499307546368793,0.421019031332497,TRUE
"NF2","Crush",336,"MINP",10332,-0.000854431773240405,0.0464115295415132,TRUE
"NF2","Crush",336,"SNI",10332,0.25701067814055,0.139415241964135,TRUE
"NF2","Crush",672,"MINP",10332,-0.00104454765635956,0.0368205372809094,TRUE
"NF2","Crush",672,"SNI",10332,0.280586754361499,0.15983769325723,TRUE
"NF2","Crush",1440,"MINP",10332,0.0135496149384425,0.0315217708090126,TRUE
"NF2","Crush",1440,"SNI",10332,0.11646365570645,0.0445224666654821,TRUE
"NF2","Crush",2160,"MINP",10332,0.0391298777695779,0.0500464516413073,TRUE
"NF2","Crush",2160,"SNI",10332,0.0875868444505127,0.0177820471493172,TRUE
"NF2","ScNT",6,"MINP",10332,0.0300633722992705,0.0407582093033736,TRUE
"NF2","ScNT",6,"SNI",10332,0.00662176839701085,0.00344789144471168,TRUE
"NF2","ScNT",12,"MINP",10332,-0.00280506517769887,0.0349337370906975,TRUE
"NF2","ScNT",12,"SNI",10332,0.0572320557631888,0.0360870641692904,TRUE
"NF2","ScNT",24,"MINP",10332,-0.0331000557706599,-0.0320638344992082,TRUE
"NF2","ScNT",24,"SNI",10332,0.0851059651321372,0.0703986677579257,TRUE
"NF2","ScNT",72,"MINP",10332,-0.0307034366900089,0.0141504318294959,TRUE
"NF2","ScNT",72,"SNI",10332,0.323315620204496,0.301722468204016,TRUE
"NF2","ScNT",168,"MINP",10332,-0.0738128363241204,-0.021404275947655,TRUE
"NF2","ScNT",168,"SNI",10332,0.382197577547441,0.344285761958258,TRUE
"NF2","ScNT",672,"MINP",10332,-0.0483939417061167,-0.025937422485526,TRUE
"NF2","ScNT",672,"SNI",10332,0.434697230363673,0.375539974881635,TRUE
"NF2","ScNT",1440,"MINP",10332,-0.0480586977445408,-0.0169291248588735,TRUE
"NF2","ScNT",1440,"SNI",10332,0.331906614563021,0.251752644320203,TRUE
"NF2","SpNT",6,"MINP",10332,0.0252786963059814,0.0299509074722234,TRUE
"NF2","SpNT",6,"SNI",10332,0.0696755269186918,0.0281155142320703,TRUE
"NF2","SpNT",12,"MINP",10332,0.00820546063947123,0.0117030159121219,TRUE
"NF2","SpNT",12,"SNI",10332,0.159650558968225,0.12923186908898,TRUE
"NF2","SpNT",24,"MINP",10332,-0.0371607234491845,0.00847057750275438,TRUE
"NF2","SpNT",24,"SNI",10332,0.330656279626131,0.298477056927821,TRUE
"NF2","SpNT",36,"MINP",10332,-0.0624389708177204,-0.0431976937671528,TRUE
"NF2","SpNT",36,"SNI",10332,0.369761416305829,0.383268626604919,TRUE
"NF2","SpNT",48,"MINP",10332,-0.0705449475649977,-0.0617582437866717,TRUE
"NF2","SpNT",48,"SNI",10332,0.404940779410701,0.435829850918751,TRUE
"NF2","SpNT",72,"MINP",10332,-0.0686790062258148,-0.0308722217646287,TRUE
"NF2","SpNT",72,"SNI",10332,0.439824061628838,0.431198842080338,TRUE
"NF2","SpNT",168,"MINP",10332,-0.0536295875045895,-0.0237716289271113,TRUE
"NF2","SpNT",168,"SNI",10332,0.393416581515963,0.365182344895545,TRUE
"NF2","CFA",48,"MINP",10332,0.0263304994862046,0.0205180009366708,TRUE
"NF2","CFA",48,"SNI",10332,-0.00480060653382444,0.0245067223834758,TRUE
"NF2","Paclitaxel",168,"MINP",10332,-0.0047439089180028,-0.0281019986080029,TRUE
"NF2","Paclitaxel",168,"SNI",10332,0.0343594331657851,0.0580960236954527,TRUE
"NF3","Crush",6,"MINP",6826,0.0644566454039864,0.0625003695849107,TRUE
"NF3","Crush",6,"SNI",6826,0.000622742067537119,-0.0287812850396129,TRUE
"NF3","Crush",24,"MINP",6826,0.0159584859383965,0.0843549330758088,TRUE
"NF3","Crush",24,"SNI",6826,0.315469593401796,0.196459484907288,TRUE
"NF3","Crush",72,"MINP",6826,-0.0199813797429034,0.0918598069181406,TRUE
"NF3","Crush",72,"SNI",6826,0.409771545927654,0.196089002981176,TRUE
"NF3","Crush",168,"MINP",6826,-0.0567705179751043,0.0395903038213389,TRUE
"NF3","Crush",168,"SNI",6826,0.46610023415842,0.23919647507805,TRUE
"NF3","Crush",336,"MINP",6826,0.0492974922483881,0.116784407993972,TRUE
"NF3","Crush",336,"SNI",6826,0.0644679468194247,-0.0475742605952043,TRUE
"NF3","Crush",672,"MINP",6826,0.0444466981417354,0.117407180783013,TRUE
"NF3","Crush",672,"SNI",6826,0.169819742752904,0.0166621536603085,TRUE
"NF3","Crush",1440,"MINP",6826,0.0533368724528085,0.0808929741766629,TRUE
"NF3","Crush",1440,"SNI",6826,-0.0484388908679589,-0.0883107556369515,TRUE
"NF3","Crush",2160,"MINP",6826,0.0284516609903217,0.0398331684062287,TRUE
"NF3","Crush",2160,"SNI",6826,0.0362252691612545,-0.0141735359161542,TRUE
"NF3","ScNT",6,"MINP",6826,0.0313396552583483,0.0619856959966856,TRUE
"NF3","ScNT",6,"SNI",6826,-0.00775123866972973,-0.0232531755096708,TRUE
"NF3","ScNT",12,"MINP",6826,0.0144085913120542,0.0156392889428449,TRUE
"NF3","ScNT",12,"SNI",6826,0.140789565908016,0.0835861185289792,TRUE
"NF3","ScNT",72,"MINP",6826,-0.0232553439390155,0.0361426331612905,TRUE
"NF3","ScNT",72,"SNI",6826,0.350170470671051,0.282331596402285,TRUE
"NF3","ScNT",168,"MINP",6826,-0.0418586678332411,0.0194284975595158,TRUE
"NF3","ScNT",168,"SNI",6826,0.398003218394848,0.266284396619155,TRUE
"NF3","ScNT",672,"MINP",6826,0.00375210106196478,0.0233976304930716,TRUE
"NF3","ScNT",672,"SNI",6826,-0.00558639316264357,-0.0577741021742916,TRUE
"NF3","ScNT",1440,"MINP",6826,0.027767913068257,0.0530406329276458,TRUE
"NF3","ScNT",1440,"SNI",6826,0.0357781746582192,0.00661091282359678,TRUE
"NF3","SpNT",6,"MINP",6826,0.0307024993390937,0.0230156785141708,TRUE
"NF3","SpNT",6,"SNI",6826,0.031695885589715,-0.0119868240490367,TRUE
"NF3","SpNT",12,"MINP",6826,-0.0370741356195531,-0.0239740189135359,TRUE
"NF3","SpNT",12,"SNI",6826,0.239083755448023,0.172653326630892,TRUE
"NF3","SpNT",24,"MINP",6826,-0.0103114361967042,0.0413020546142501,TRUE
"NF3","SpNT",24,"SNI",6826,0.372208019228121,0.294235802732386,TRUE
"NF3","SpNT",36,"MINP",6826,-0.0267452971124119,-0.00175900969224665,TRUE
"NF3","SpNT",36,"SNI",6826,0.44506687345544,0.402767127751903,TRUE
"NF3","SpNT",48,"MINP",6826,-0.0538792602230371,-0.00784746573507077,TRUE
"NF3","SpNT",48,"SNI",6826,0.420630829877659,0.382660596850107,TRUE
"NF3","SpNT",72,"MINP",6826,-0.0323695979791638,0.0259857844501344,TRUE
"NF3","SpNT",72,"SNI",6826,0.40619892090658,0.321570207331952,TRUE
"NF3","CFA",48,"MINP",6826,0.0249253763186166,0.025852618808794,TRUE
"NF3","CFA",48,"SNI",6826,-0.0325832185554775,-0.0352168464741737,TRUE
"NF3","Paclitaxel",168,"MINP",6826,-0.0217567506930489,-0.0261547416108649,TRUE
"NF3","Paclitaxel",168,"SNI",6826,0.0492350614681392,0.0235854098510612,TRUE
"cLTMR1","Crush",6,"MINP",8984,0.00886403628786883,0.00331950171224917,TRUE
"cLTMR1","Crush",6,"SNI",8984,-0.0159978416271882,-0.0165933808055529,TRUE
"cLTMR1","Crush",24,"MINP",8984,-0.0423489645414553,0.0375761938036873,TRUE
"cLTMR1","Crush",24,"SNI",8984,0.2553986758859,0.134541120106508,TRUE
"cLTMR1","Crush",72,"MINP",8984,-0.0493947533499064,0.0581713154274743,TRUE
"cLTMR1","Crush",72,"SNI",8984,0.443408917207018,0.238252126854724,TRUE
"cLTMR1","Crush",168,"MINP",8984,-0.0732974533631152,0.034910380495555,TRUE
"cLTMR1","Crush",168,"SNI",8984,0.488466994720821,0.260265185952419,TRUE
"cLTMR1","Crush",336,"MINP",8984,-0.0200263975526627,0.0474068022766037,TRUE
"cLTMR1","Crush",336,"SNI",8984,0.162973333354287,0.00569435656631998,TRUE
"cLTMR1","Crush",672,"MINP",8984,0.00757881286088713,0.059550003808844,TRUE
"cLTMR1","Crush",672,"SNI",8984,0.0352059113861035,-0.0916714824393554,TRUE
"cLTMR1","Crush",1440,"MINP",8984,0.0215123585429113,0.0324193051548672,TRUE
"cLTMR1","Crush",1440,"SNI",8984,-0.052376831257408,-0.0794532527732834,TRUE
"cLTMR1","Crush",2160,"MINP",8984,0.010559571367676,0.00418867211861119,TRUE
"cLTMR1","Crush",2160,"SNI",8984,-0.0369024926464781,-0.0631220618659227,TRUE
"cLTMR1","ScNT",6,"MINP",8984,-0.00593442463673326,0.0100169577288561,TRUE
"cLTMR1","ScNT",6,"SNI",8984,-0.017982234168776,-0.0409510155979474,TRUE
"cLTMR1","ScNT",12,"MINP",8984,-0.0346946638144018,0.0040434739049474,TRUE
"cLTMR1","ScNT",12,"SNI",8984,0.123453604917531,0.0655129921544031,TRUE
"cLTMR1","ScNT",24,"MINP",8984,-0.0751962580602852,-0.00652076991636716,TRUE
"cLTMR1","ScNT",24,"SNI",8984,0.301350412288245,0.226864549303742,TRUE
"cLTMR1","ScNT",72,"MINP",8984,-0.0821075305280135,0.0131274817795753,TRUE
"cLTMR1","ScNT",72,"SNI",8984,0.395390292088462,0.231056018875474,TRUE
"cLTMR1","ScNT",168,"MINP",8984,-0.0776675516573407,0.00784319291281487,TRUE
"cLTMR1","ScNT",168,"SNI",8984,0.356959806551346,0.171906109643207,TRUE
"cLTMR1","ScNT",672,"MINP",8984,-0.0278225486688199,-0.0117572610046935,TRUE
"cLTMR1","ScNT",672,"SNI",8984,0.0418214827222573,0.0155339966003347,TRUE
"cLTMR1","ScNT",1440,"MINP",8984,0.0103810820454897,0.0221841889043549,TRUE
"cLTMR1","ScNT",1440,"SNI",8984,-0.000373230515523911,-0.0381886681819566,TRUE
"cLTMR1","SpNT",6,"MINP",8984,-0.0367660387987491,-0.0522926614631801,TRUE
"cLTMR1","SpNT",6,"SNI",8984,0.112148569612474,0.0908815374385434,TRUE
"cLTMR1","SpNT",12,"MINP",8984,-0.0688984824205246,-0.0516855919899058,TRUE
"cLTMR1","SpNT",12,"SNI",8984,0.272200980183801,0.227448703196224,TRUE
"cLTMR1","SpNT",24,"MINP",8984,-0.0627625391547964,0.00719358902896095,TRUE
"cLTMR1","SpNT",24,"SNI",8984,0.40553810312348,0.338388971100514,TRUE
"cLTMR1","SpNT",36,"MINP",8984,-0.0548511232489194,0.022894529664454,TRUE
"cLTMR1","SpNT",36,"SNI",8984,0.443701509007383,0.38602390110246,TRUE
"cLTMR1","SpNT",48,"MINP",8984,-0.0693017009483554,0.00375767685253186,TRUE
"cLTMR1","SpNT",48,"SNI",8984,0.454126341652042,0.380310956843131,TRUE
"cLTMR1","SpNT",72,"MINP",8984,-0.0595883997286973,0.00816638047902987,TRUE
"cLTMR1","SpNT",72,"SNI",8984,0.445541100579219,0.351693713775111,TRUE
"cLTMR1","SpNT",168,"MINP",8984,-0.0509320531624098,-0.00518631574631163,TRUE
"cLTMR1","SpNT",168,"SNI",8984,0.369498337886081,0.271644111381794,TRUE
"cLTMR1","CFA",48,"MINP",8984,0.0209165182044112,0.00109190818271263,TRUE
"cLTMR1","CFA",48,"SNI",8984,-0.0297085679604182,-0.0162556629863782,TRUE
"cLTMR1","Paclitaxel",168,"MINP",8984,-0.0111351820219926,-0.0429027186600673,TRUE
"cLTMR1","Paclitaxel",168,"SNI",8984,0.0537807944946362,0.050661368219781,TRUE
"p_cLTMR2","Crush",6,"MINP",5438,-0.031324260686624,-0.0112469947668304,TRUE
"p_cLTMR2","Crush",6,"SNI",5438,0.0617871904220757,0.0398652447692505,TRUE
"p_cLTMR2","Crush",24,"MINP",5438,-0.050740261293272,0.0320459667907031,TRUE
"p_cLTMR2","Crush",24,"SNI",5438,0.322060124751664,0.222297057207396,TRUE
"p_cLTMR2","Crush",72,"MINP",5438,0.0101895440050349,0.14217634522408,TRUE
"p_cLTMR2","Crush",72,"SNI",5438,0.421373076749484,0.247215277466013,TRUE
"p_cLTMR2","Crush",168,"MINP",5438,-0.0116709115522112,0.116764540611049,TRUE
"p_cLTMR2","Crush",168,"SNI",5438,0.469087409223909,0.284817453803089,TRUE
"p_cLTMR2","Crush",336,"MINP",5438,0.0448680973318373,0.128193646095155,TRUE
"p_cLTMR2","Crush",336,"SNI",5438,0.0937329744186704,0.00368049852426255,TRUE
"p_cLTMR2","Crush",672,"MINP",5438,0.053774131737187,0.146689608810117,TRUE
"p_cLTMR2","Crush",672,"SNI",5438,0.134100575098419,0.0389224279663908,TRUE
"p_cLTMR2","Crush",1440,"MINP",5438,0.0236807293424297,0.0474209051704015,TRUE
"p_cLTMR2","Crush",1440,"SNI",5438,0.00225523696432611,-0.026943234486569,TRUE
"p_cLTMR2","Crush",2160,"MINP",5438,-0.0257323520986604,-0.0287825789620901,TRUE
"p_cLTMR2","Crush",2160,"SNI",5438,0.033060317123147,0.0165623455345603,TRUE
"p_cLTMR2","ScNT",6,"MINP",5438,-0.00135001647101549,0.0173229542017088,TRUE
"p_cLTMR2","ScNT",6,"SNI",5438,0.0266204297190754,-0.00632878866355331,TRUE
"p_cLTMR2","ScNT",12,"MINP",5438,-0.0284235572735499,0.00347126521760741,TRUE
"p_cLTMR2","ScNT",12,"SNI",5438,0.193016303279046,0.152134744260869,TRUE
"p_cLTMR2","ScNT",24,"MINP",5438,-0.0428215051015002,0.00528113297360954,TRUE
"p_cLTMR2","ScNT",24,"SNI",5438,0.158927183178664,0.0774156203272622,TRUE
"p_cLTMR2","ScNT",72,"MINP",5438,0.000273015232674568,0.111896908216223,TRUE
"p_cLTMR2","ScNT",72,"SNI",5438,0.364033161100466,0.231677418020827,TRUE
"p_cLTMR2","ScNT",168,"MINP",5438,-0.00739735949076241,0.123065776613792,TRUE
"p_cLTMR2","ScNT",168,"SNI",5438,0.262294968007817,0.0970058256781671,TRUE
"p_cLTMR2","ScNT",672,"MINP",5438,-0.0364603648734744,-0.0421867830061737,TRUE
"p_cLTMR2","ScNT",672,"SNI",5438,0.108368123207495,0.0815074124674277,TRUE
"p_cLTMR2","ScNT",1440,"MINP",5438,-0.0054208779714123,-0.0103083378599598,TRUE
"p_cLTMR2","ScNT",1440,"SNI",5438,0.0412602568412993,-0.000983440154946808,TRUE
"p_cLTMR2","SpNT",6,"MINP",5438,-0.0340249156525499,-0.0384897393743663,TRUE
"p_cLTMR2","SpNT",6,"SNI",5438,0.134156282841745,0.120552941633718,TRUE
"p_cLTMR2","SpNT",12,"MINP",5438,-0.0911657226602768,-0.0967354187372116,TRUE
"p_cLTMR2","SpNT",12,"SNI",5438,0.253684838322003,0.24177537813716,TRUE
"p_cLTMR2","SpNT",24,"MINP",5438,-0.0619987284016312,-0.0173376868847376,TRUE
"p_cLTMR2","SpNT",24,"SNI",5438,0.309481584198023,0.266867659437265,TRUE
"p_cLTMR2","SpNT",36,"MINP",5438,-0.00251522559919863,0.0851968730277994,TRUE
"p_cLTMR2","SpNT",36,"SNI",5438,0.436057740286307,0.351403744162679,TRUE
"p_cLTMR2","SpNT",48,"MINP",5438,-0.00862201093521266,0.0774641401969794,TRUE
"p_cLTMR2","SpNT",48,"SNI",5438,0.430014442447865,0.342596103170515,TRUE
"p_cLTMR2","SpNT",72,"MINP",5438,-0.0360091974764495,0.0473294955363485,TRUE
"p_cLTMR2","SpNT",72,"SNI",5438,0.360201393137851,0.292577613038509,TRUE
"p_cLTMR2","CFA",48,"MINP",5438,0.0319564213667994,0.0494286095313658,TRUE
"p_cLTMR2","CFA",48,"SNI",5438,-0.00256506096805282,-0.0110343593556108,TRUE
"p_cLTMR2","Paclitaxel",168,"MINP",5438,0.022638869981692,-0.024641866541083,TRUE
"p_cLTMR2","Paclitaxel",168,"SNI",5438,0.0385370067475531,0.020855785245287,TRUE
"SST","Crush",6,"MINP",8422,-0.0356381430507901,-0.0599692470795776,TRUE
"SST","Crush",6,"SNI",8422,0.0364561837102001,0.0674236860369508,TRUE
"SST","Crush",24,"MINP",8422,-0.0502003149926373,-0.0207989601326688,TRUE
"SST","Crush",24,"SNI",8422,0.0720341976810386,0.0592394036725386,TRUE
"SST","Crush",72,"MINP",8422,-0.00262134484921449,0.0828700965952939,TRUE
"SST","Crush",72,"SNI",8422,0.317354781748829,0.152282182523487,TRUE
"SST","Crush",168,"MINP",8422,-0.0299944147463724,0.0613125241460334,TRUE
"SST","Crush",168,"SNI",8422,0.36420758226987,0.194312799241226,TRUE
"SST","Crush",336,"MINP",8422,0.0246904641717605,0.112122423968742,TRUE
"SST","Crush",336,"SNI",8422,0.226684141130313,0.0651589078736118,TRUE
"SST","Crush",672,"MINP",8422,0.0313255061299325,0.116345848958285,TRUE
"SST","Crush",672,"SNI",8422,0.214466247993577,0.0611086279901239,TRUE
"SST","Crush",1440,"MINP",8422,0.0193145377639872,0.0750930327792688,TRUE
"SST","Crush",1440,"SNI",8422,0.0941504265360213,0.00848838520259381,TRUE
"SST","Crush",2160,"MINP",8422,-0.026310974551522,-0.0107075726030613,TRUE
"SST","Crush",2160,"SNI",8422,0.111328381385771,0.0588297185519044,TRUE
"SST","ScNT",6,"MINP",8422,-0.0107982047796864,0.0214238103863254,TRUE
"SST","ScNT",6,"SNI",8422,-0.0173603223714536,-0.0275194131585329,TRUE
"SST","ScNT",12,"MINP",8422,-0.0194089601261814,-0.0150109961362238,TRUE
"SST","ScNT",12,"SNI",8422,0.0301354532667319,0.0389868937002801,TRUE
"SST","ScNT",24,"MINP",8422,-0.0563650664925096,-0.0325567095652703,TRUE
"SST","ScNT",24,"SNI",8422,0.135463588627923,0.101361255390846,TRUE
"SST","ScNT",72,"MINP",8422,-0.0542215589933662,-0.0126867725588284,TRUE
"SST","ScNT",72,"SNI",8422,0.246430615864106,0.165029007979171,TRUE
"SST","ScNT",168,"MINP",8422,-0.0204746193549145,0.0241793477810721,TRUE
"SST","ScNT",168,"SNI",8422,0.228105321309475,0.135457851414999,TRUE
"SST","ScNT",672,"MINP",8422,-0.00619275401780648,0.0537969185598242,TRUE
"SST","ScNT",672,"SNI",8422,0.226569975595573,0.119991204172554,TRUE
"SST","ScNT",1440,"MINP",8422,0.0188705732482954,0.0537073731022942,TRUE
"SST","ScNT",1440,"SNI",8422,0.101950673840308,0.0290109665612432,TRUE
"SST","SpNT",6,"MINP",8422,-0.0508247355346463,-0.0813604554668475,TRUE
"SST","SpNT",6,"SNI",8422,0.114767903949759,0.114740077734072,TRUE
"SST","SpNT",12,"MINP",8422,-0.0789507950968714,-0.114514884556002,TRUE
"SST","SpNT",12,"SNI",8422,0.103178758345949,0.104540121127972,TRUE
"SST","SpNT",24,"MINP",8422,-0.0180750874620502,0.0332717544200167,TRUE
"SST","SpNT",24,"SNI",8422,0.18400047243259,0.124339813975823,TRUE
"SST","SpNT",36,"MINP",8422,-0.0552012322700557,-0.0349672925836985,TRUE
"SST","SpNT",36,"SNI",8422,0.323510412244586,0.279749834422166,TRUE
"SST","SpNT",48,"MINP",8422,-0.0417549013585983,-0.0137315185575168,TRUE
"SST","SpNT",48,"SNI",8422,0.290797256078329,0.235764604426602,TRUE
"SST","SpNT",72,"MINP",8422,-0.0457403580500876,-0.0214410755722481,TRUE
"SST","SpNT",72,"SNI",8422,0.297551658294228,0.232796559521114,TRUE
"SST","CFA",48,"MINP",8422,0.0116440994498846,0.0386442778937156,TRUE
"SST","CFA",48,"SNI",8422,-0.0104929948345088,-0.0301950076661006,TRUE
"SST","Paclitaxel",168,"MINP",8422,0.020269215876049,0.0202122470079918,TRUE
"SST","Paclitaxel",168,"SNI",8422,0.146994574059508,0.102251802060607,TRUE
"Satglia","Crush",6,"MINP",7704,-0.00173974086814665,-0.0190515928410319,FALSE
"Satglia","Crush",6,"SNI",7704,0.0447465504253125,0.0357217136236449,FALSE
"Satglia","Crush",24,"MINP",7704,-0.000756706660437273,0.00293664054038917,FALSE
"Satglia","Crush",24,"SNI",7704,0.207988245225999,0.137169748836147,FALSE
"Satglia","Crush",72,"MINP",7704,-0.00423143618693229,0.0579010657362014,FALSE
"Satglia","Crush",72,"SNI",7704,0.387858991341732,0.171230245375287,FALSE
"Satglia","Crush",168,"MINP",7704,-0.0424460476443692,0.0143471831830469,FALSE
"Satglia","Crush",168,"SNI",7704,0.420594083011399,0.222553734491114,FALSE
"Satglia","Crush",336,"MINP",7704,-0.0155777358005251,0.0234839226902057,FALSE
"Satglia","Crush",336,"SNI",7704,0.188162743323284,0.0685489920775885,FALSE
"Satglia","Crush",672,"MINP",7704,0.0170171930848924,0.0404037136127833,FALSE
"Satglia","Crush",672,"SNI",7704,0.171447199059428,0.0584328852219884,FALSE
"Satglia","Crush",1440,"MINP",7704,-0.0454803161831222,-0.0777543345377145,FALSE
"Satglia","Crush",1440,"SNI",7704,0.0813905488455299,0.0285832394737267,FALSE
"Satglia","Crush",2160,"MINP",7704,-0.0411912975339317,-0.0541640958484347,FALSE
"Satglia","Crush",2160,"SNI",7704,0.0220657109765383,0.0197885369361007,FALSE
"Satglia","ScNT",6,"MINP",7704,0.0529789711001578,0.0481334309616066,FALSE
"Satglia","ScNT",6,"SNI",7704,-0.039731624300362,-0.0370948979203344,FALSE
"Satglia","ScNT",12,"MINP",7704,0.0114811011843777,0.0192879726761401,FALSE
"Satglia","ScNT",12,"SNI",7704,0.0321320418112347,0.0232793770720749,FALSE
"Satglia","ScNT",24,"MINP",7704,0.020027691633215,0.0367597581591303,FALSE
"Satglia","ScNT",24,"SNI",7704,0.0550727512569536,0.0217674058880929,FALSE
"Satglia","ScNT",72,"MINP",7704,0.0113496090933183,0.0457157715338363,FALSE
"Satglia","ScNT",72,"SNI",7704,0.182416868796834,0.0700277375307825,FALSE
"Satglia","ScNT",168,"MINP",7704,-0.0329217060842291,-0.0119850947934866,FALSE
"Satglia","ScNT",168,"SNI",7704,0.21442101032908,0.113294181356592,FALSE
"Satglia","ScNT",672,"MINP",7704,0.0026952401631924,0.00738952628809381,FALSE
"Satglia","ScNT",672,"SNI",7704,0.099473811650332,0.0580794248651602,FALSE
"Satglia","ScNT",1440,"MINP",7704,-0.00501027156697843,-0.00716498354624882,FALSE
"Satglia","ScNT",1440,"SNI",7704,0.0743410233377193,0.0132925071123511,FALSE
"Satglia","SpNT",6,"MINP",7704,-0.0104040659305311,-0.0137423244248549,FALSE
"Satglia","SpNT",6,"SNI",7704,0.067739808330067,0.0370664427694735,FALSE
"Satglia","SpNT",12,"MINP",7704,-0.0202657679861132,-0.0505149559637232,FALSE
"Satglia","SpNT",12,"SNI",7704,0.0945788368122633,0.0936753491567494,FALSE
"Satglia","SpNT",24,"MINP",7704,0.0198685800808086,0.0365570398497438,FALSE
"Satglia","SpNT",24,"SNI",7704,0.189627030021457,0.147941967580436,FALSE
"Satglia","SpNT",36,"MINP",7704,-0.0105025299844588,0.00796278558880487,FALSE
"Satglia","SpNT",36,"SNI",7704,0.304430101253184,0.225732163700659,FALSE
"Satglia","SpNT",48,"MINP",7704,-0.000714430280237886,0.0104649095574199,FALSE
"Satglia","SpNT",48,"SNI",7704,0.224988236893655,0.166010615857655,FALSE
"Satglia","SpNT",72,"MINP",7704,-0.0261571108968676,-0.0204243998115573,FALSE
"Satglia","SpNT",72,"SNI",7704,0.213604998588755,0.148579551756069,FALSE
"Satglia","SpNT",168,"MINP",7704,-0.0113038101493948,-0.0052977437882524,FALSE
"Satglia","SpNT",168,"SNI",7704,0.124913995064506,0.0833619357715977,FALSE
"Satglia","CFA",48,"MINP",7704,0.00222193125190457,-0.00540641464419794,FALSE
"Satglia","CFA",48,"SNI",7704,0.0200368861412225,0.0234497555816862,FALSE
"Satglia","Paclitaxel",168,"MINP",7704,0.00544735679784308,0.000749336457211673,FALSE
"Satglia","Paclitaxel",168,"SNI",7704,0.000682054052869075,0.00983469634158631,FALSE
"Schwann_M","Crush",6,"MINP",8747,0.0199799807739869,0.0235364968697256,FALSE
"Schwann_M","Crush",6,"SNI",8747,-0.0216769890471718,-0.019125241677968,FALSE
"Schwann_M","Crush",24,"MINP",8747,0.0564110081012667,0.071968807790259,FALSE
"Schwann_M","Crush",24,"SNI",8747,0.107141615807127,0.0363636313004999,FALSE
"Schwann_M","Crush",72,"MINP",8747,-0.0367942660968046,-0.00319933265435811,FALSE
"Schwann_M","Crush",72,"SNI",8747,0.321565466198361,0.14967093352012,FALSE
"Schwann_M","Crush",168,"MINP",8747,0.0117181940750777,0.0483152509631497,FALSE
"Schwann_M","Crush",168,"SNI",8747,0.277355885346468,0.133996875675778,FALSE
"Schwann_M","Crush",336,"MINP",8747,-0.0233633586485988,-0.0215733249455895,FALSE
"Schwann_M","Crush",336,"SNI",8747,0.133043402235606,0.0548083616586303,FALSE
"Schwann_M","Crush",672,"MINP",8747,-0.00191482679976754,-0.0236388631416093,FALSE
"Schwann_M","Crush",672,"SNI",8747,0.114345159968457,0.0442346037611943,FALSE
"Schwann_M","Crush",1440,"MINP",8747,0.070331511101845,0.0840947107218418,FALSE
"Schwann_M","Crush",1440,"SNI",8747,-0.0136778249987267,-0.0674041574518778,FALSE
"Schwann_M","Crush",2160,"MINP",8747,0.00553259479436051,-0.036696754998278,FALSE
"Schwann_M","Crush",2160,"SNI",8747,0.0509543908015461,0.0400684601393926,FALSE
"Schwann_M","ScNT",6,"MINP",8747,-0.0158553672307559,-0.0287206677293951,FALSE
"Schwann_M","ScNT",6,"SNI",8747,0.0308617519764639,0.0306960504742198,FALSE
"Schwann_M","ScNT",12,"MINP",8747,-0.0601504950216163,-0.0591511375873366,FALSE
"Schwann_M","ScNT",12,"SNI",8747,0.0356342725481048,0.0500434294059776,FALSE
"Schwann_M","ScNT",24,"MINP",8747,-0.0559812222403786,-0.0765715942656081,FALSE
"Schwann_M","ScNT",24,"SNI",8747,0.0879249096278767,0.0940608191854576,FALSE
"Schwann_M","ScNT",72,"MINP",8747,-0.072174759373689,-0.0609009173168434,FALSE
"Schwann_M","ScNT",72,"SNI",8747,0.189123910421361,0.114420404431141,FALSE
"Schwann_M","ScNT",168,"MINP",8747,-0.104116649730714,-0.0726596103952721,FALSE
"Schwann_M","ScNT",168,"SNI",8747,0.105427697127946,0.0405305403480702,FALSE
"Schwann_M","ScNT",672,"MINP",8747,-0.0921889565205166,-0.0783064708310084,FALSE
"Schwann_M","ScNT",672,"SNI",8747,0.11159377796199,0.0928981647125333,FALSE
"Schwann_M","ScNT",1440,"MINP",8747,0.0748776647438005,0.126224328036846,FALSE
"Schwann_M","ScNT",1440,"SNI",8747,0.0106533781503513,-0.0495279039853552,FALSE
"Schwann_M","SpNT",6,"MINP",8747,-0.0517339826793481,-0.0789040204249023,FALSE
"Schwann_M","SpNT",6,"SNI",8747,0.0564943725559246,0.0618878865238731,FALSE
"Schwann_M","SpNT",12,"MINP",8747,-0.0228066382763042,-0.0472416171483772,FALSE
"Schwann_M","SpNT",12,"SNI",8747,0.0852907156093037,0.0795836211473196,FALSE
"Schwann_M","SpNT",24,"MINP",8747,0.00992136497022221,0.0346031585126439,FALSE
"Schwann_M","SpNT",24,"SNI",8747,0.149842031778246,0.0957223982257788,FALSE
"Schwann_M","SpNT",36,"MINP",8747,0.0795588238806371,0.127988613726442,FALSE
"Schwann_M","SpNT",36,"SNI",8747,0.144534436408108,0.0594117445884541,FALSE
"Schwann_M","SpNT",48,"MINP",8747,0.0530792398083495,0.0785425365865097,FALSE
"Schwann_M","SpNT",48,"SNI",8747,0.175382046007584,0.107528408528438,FALSE
"Schwann_M","SpNT",72,"MINP",8747,-0.056231089510268,-0.0542810402848732,FALSE
"Schwann_M","SpNT",72,"SNI",8747,0.163829729038353,0.114360689267874,FALSE
"Schwann_M","SpNT",168,"MINP",8747,-0.0898402045777717,-0.10761764205431,FALSE
"Schwann_M","SpNT",168,"SNI",8747,0.126612824341316,0.101491892179902,FALSE
"Schwann_M","CFA",48,"MINP",8747,0.0607308067255711,0.0834893132822724,FALSE
"Schwann_M","CFA",48,"SNI",8747,-0.0165992358757056,-0.0447140610098155,FALSE
"Schwann_M","Paclitaxel",168,"MINP",8747,0.0135664523610766,0.0215765622785548,FALSE
"Schwann_M","Paclitaxel",168,"SNI",8747,-0.00110716641937244,-0.0157286510880054,FALSE
"Schwann_N","Crush",6,"MINP",6301,0.0600157453041551,0.0447330072604634,FALSE
"Schwann_N","Crush",6,"SNI",6301,0.00990499460812034,-0.00863751287919565,FALSE
"Schwann_N","Crush",24,"MINP",6301,0.0164991342075291,0.0268188487117035,FALSE
"Schwann_N","Crush",24,"SNI",6301,0.134509934364649,0.0807653439143966,FALSE
"Schwann_N","Crush",72,"MINP",6301,-0.0126839624928256,0.0228788910852342,FALSE
"Schwann_N","Crush",72,"SNI",6301,0.343916946302349,0.155118432812109,FALSE
"Schwann_N","Crush",168,"MINP",6301,-0.0277837411419105,-0.0111626784027381,FALSE
"Schwann_N","Crush",168,"SNI",6301,0.362712557391396,0.210340688248555,FALSE
"Schwann_N","Crush",336,"MINP",6301,0.0107225403489317,0.0137007384199949,FALSE
"Schwann_N","Crush",336,"SNI",6301,0.161608843734797,0.0540003303634743,FALSE
"Schwann_N","Crush",672,"MINP",6301,0.00219611222787722,-0.00936655647777032,FALSE
"Schwann_N","Crush",672,"SNI",6301,0.154672848012443,0.0591940435236635,FALSE
"Schwann_N","Crush",1440,"MINP",6301,0.0102157395364935,-0.00329491961223059,FALSE
"Schwann_N","Crush",1440,"SNI",6301,0.0127794760663508,-0.00754753402872295,FALSE
"Schwann_N","Crush",2160,"MINP",6301,0.0203450885075011,-0.0378695250872242,FALSE
"Schwann_N","Crush",2160,"SNI",6301,0.0155094836670736,0.00166485182057857,FALSE
"Schwann_N","ScNT",6,"MINP",6301,0.00628592463058245,0.0250003920719839,FALSE
"Schwann_N","ScNT",6,"SNI",6301,-0.016932748023849,-0.00912287549699971,FALSE
"Schwann_N","ScNT",12,"MINP",6301,-0.0217009308540647,-0.0181718368674426,FALSE
"Schwann_N","ScNT",12,"SNI",6301,0.0313323499244697,0.0173229161303577,FALSE
"Schwann_N","ScNT",24,"MINP",6301,-0.0186748602354849,-0.0262969710384023,FALSE
"Schwann_N","ScNT",24,"SNI",6301,0.103595411903534,0.095255929358601,FALSE
"Schwann_N","ScNT",72,"MINP",6301,-0.00995341526696175,0.0196407797833649,FALSE
"Schwann_N","ScNT",72,"SNI",6301,0.203378877185322,0.113944870608935,FALSE
"Schwann_N","ScNT",168,"MINP",6301,-0.0731344754554265,-0.0236048190156527,FALSE
"Schwann_N","ScNT",168,"SNI",6301,0.158792582470321,0.0714187720526408,FALSE
"Schwann_N","ScNT",672,"MINP",6301,-0.0285516824951675,-0.0349281470341989,FALSE
"Schwann_N","ScNT",672,"SNI",6301,0.153189452361213,0.0757521113837743,FALSE
"Schwann_N","ScNT",1440,"MINP",6301,0.0653660035190938,0.0491762169430622,FALSE
"Schwann_N","ScNT",1440,"SNI",6301,0.0799378024542451,0.0192414926170347,FALSE
"Schwann_N","SpNT",6,"MINP",6301,0.018972253983546,0.00429432311388891,FALSE
"Schwann_N","SpNT",6,"SNI",6301,0.0632024027879225,0.0543931360116161,FALSE
"Schwann_N","SpNT",12,"MINP",6301,-0.0343079526773298,-0.0460385165092922,FALSE
"Schwann_N","SpNT",12,"SNI",6301,0.0881495418426558,0.0601685551745096,FALSE
"Schwann_N","SpNT",24,"MINP",6301,-0.00211855688079422,-0.00451002233466009,FALSE
"Schwann_N","SpNT",24,"SNI",6301,0.168483960806768,0.145317420959533,FALSE
"Schwann_N","SpNT",36,"MINP",6301,-0.0192122786236008,0.0101815605666306,FALSE
"Schwann_N","SpNT",36,"SNI",6301,0.259758238389476,0.20313544141515,FALSE
"Schwann_N","SpNT",48,"MINP",6301,-0.0203336152637352,-0.0152801936494892,FALSE
"Schwann_N","SpNT",48,"SNI",6301,0.269464979217154,0.18566515975204,FALSE
"Schwann_N","CFA",48,"MINP",6301,-0.0111654627580183,0.00555756708396846,FALSE
"Schwann_N","CFA",48,"SNI",6301,-0.0115105456741796,-0.000589949923343848,FALSE
"Schwann_N","Paclitaxel",168,"MINP",6301,-0.0449803749782229,-0.073643813712612,FALSE
"Schwann_N","Paclitaxel",168,"SNI",6301,-0.00244607356792983,-0.00190102563675672,FALSE
"Fibroblast","Crush",6,"MINP",9274,-0.000739363450982447,-0.0202853747250863,FALSE
"Fibroblast","Crush",6,"SNI",9274,0.0132785668673398,0.00398149949277749,FALSE
"Fibroblast","Crush",24,"MINP",9274,0.00584198225119212,0.000137904445206373,FALSE
"Fibroblast","Crush",24,"SNI",9274,0.122793266833364,0.0669533314017666,FALSE
"Fibroblast","Crush",72,"MINP",9274,0.0135011419273483,0.044926287704318,FALSE
"Fibroblast","Crush",72,"SNI",9274,0.327865891663061,0.181121133380839,FALSE
"Fibroblast","Crush",168,"MINP",9274,-0.0194336620121093,0.00446261585582589,FALSE
"Fibroblast","Crush",168,"SNI",9274,0.323512057387348,0.195239778896468,FALSE
"Fibroblast","Crush",336,"MINP",9274,0.0343982441351977,0.0382207196969846,FALSE
"Fibroblast","Crush",336,"SNI",9274,0.123662594433557,0.0504239667314055,FALSE
"Fibroblast","Crush",672,"MINP",9274,0.0365848749919162,0.0427669973613053,FALSE
"Fibroblast","Crush",672,"SNI",9274,0.127313970148164,0.0547495578111031,FALSE
"Fibroblast","Crush",1440,"MINP",9274,0.021738382887895,-0.0069186000442895,FALSE
"Fibroblast","Crush",1440,"SNI",9274,0.0189854835766536,0.00526715995847143,FALSE
"Fibroblast","Crush",2160,"MINP",9274,0.00714442383701479,-0.0105822758635848,FALSE
"Fibroblast","Crush",2160,"SNI",9274,0.027562846895127,0.0278396061762856,FALSE
"Fibroblast","ScNT",6,"MINP",9274,0.000951029177341222,0.00281288724594517,FALSE
"Fibroblast","ScNT",6,"SNI",9274,-0.00290026391586885,-0.0141830276891828,FALSE
"Fibroblast","ScNT",12,"MINP",9274,-0.0283772293578912,-0.049040655806084,FALSE
"Fibroblast","ScNT",12,"SNI",9274,0.0436748718577841,0.0425938011775746,FALSE
"Fibroblast","ScNT",24,"MINP",9274,-0.0155452584399295,-0.0379572822335878,FALSE
"Fibroblast","ScNT",24,"SNI",9274,0.0634956388592423,0.0663549942068081,FALSE
"Fibroblast","ScNT",72,"MINP",9274,-0.0351705900424257,-0.0111198566747024,FALSE
"Fibroblast","ScNT",72,"SNI",9274,0.189413779571031,0.151837136635056,FALSE
"Fibroblast","ScNT",168,"MINP",9274,-0.0436938527705114,0.00704545776824389,FALSE
"Fibroblast","ScNT",168,"SNI",9274,0.218290107928684,0.105010925541247,FALSE
"Fibroblast","ScNT",672,"MINP",9274,-0.0389978625137894,-0.054180020464751,FALSE
"Fibroblast","ScNT",672,"SNI",9274,0.134986282213581,0.120362902307446,FALSE
"Fibroblast","ScNT",1440,"MINP",9274,0.00413242312224063,-0.00556253322423269,FALSE
"Fibroblast","ScNT",1440,"SNI",9274,0.0235962028939178,0.0113830264351803,FALSE
"Fibroblast","SpNT",6,"MINP",9274,-0.00771909848830181,-0.0368099580756329,FALSE
"Fibroblast","SpNT",6,"SNI",9274,0.0854375140961279,0.0885809784967718,FALSE
"Fibroblast","SpNT",12,"MINP",9274,-0.0229533975076781,-0.0542285679404405,FALSE
"Fibroblast","SpNT",12,"SNI",9274,0.125631383024785,0.117517708385379,FALSE
"Fibroblast","SpNT",24,"MINP",9274,0.0261505443416589,0.0408640612970591,FALSE
"Fibroblast","SpNT",24,"SNI",9274,0.20416198061973,0.141468276792576,FALSE
"Fibroblast","SpNT",36,"MINP",9274,-0.0115870923705419,-0.0191921188940239,FALSE
"Fibroblast","SpNT",36,"SNI",9274,0.207145013978411,0.173707850581311,FALSE
"Fibroblast","SpNT",48,"MINP",9274,0.00274895653509437,-0.00264123955268459,FALSE
"Fibroblast","SpNT",48,"SNI",9274,0.190667809366273,0.15625107171492,FALSE
"Fibroblast","SpNT",72,"MINP",9274,-0.0521364498843694,-0.0404263182952053,FALSE
"Fibroblast","SpNT",72,"SNI",9274,0.238884466436039,0.187633672870069,FALSE
"Fibroblast","SpNT",168,"MINP",9274,-0.0752831176428995,-0.0785920798459269,FALSE
"Fibroblast","SpNT",168,"SNI",9274,0.197603084316747,0.154115682868221,FALSE
"Fibroblast","CFA",48,"MINP",9274,0.0283209402104607,0.00529040924534012,FALSE
"Fibroblast","CFA",48,"SNI",9274,-0.00209908497706258,0.00363389079013756,FALSE
"Fibroblast","Paclitaxel",168,"MINP",9274,-0.0214127586549799,-0.0387318768610286,FALSE
"Fibroblast","Paclitaxel",168,"SNI",9274,0.0357454426310459,0.0572634509332698,FALSE
"Endothelial","Crush",6,"MINP",6465,0.0404963099140341,0.0572913873449007,FALSE
"Endothelial","Crush",6,"SNI",6465,-0.0253632110124146,-0.0404632532505232,FALSE
"Endothelial","Crush",24,"MINP",6465,0.0347637185590556,0.0642529960929394,FALSE
"Endothelial","Crush",24,"SNI",6465,0.0926518944762284,0.0341166282813663,FALSE
"Endothelial","Crush",72,"MINP",6465,-0.0237621234262736,0.0409561759187312,FALSE
"Endothelial","Crush",72,"SNI",6465,0.314098678731251,0.146601138137028,FALSE
"Endothelial","Crush",168,"MINP",6465,-0.0117661645511208,0.0429234994280904,FALSE
"Endothelial","Crush",168,"SNI",6465,0.265936058728586,0.109858763475552,FALSE
"Endothelial","Crush",336,"MINP",6465,0.00349974691733849,0.04004408351772,FALSE
"Endothelial","Crush",336,"SNI",6465,0.108852809862803,0.024632138272571,FALSE
"Endothelial","Crush",672,"MINP",6465,-0.00806856511324035,0.00305366969626439,FALSE
"Endothelial","Crush",672,"SNI",6465,0.144178948218784,0.0669763864418282,FALSE
"Endothelial","Crush",1440,"MINP",6465,0.029316045785802,0.0240592902230794,FALSE
"Endothelial","Crush",1440,"SNI",6465,0.0335063945126459,-0.0195923475669262,FALSE
"Endothelial","Crush",2160,"MINP",6465,0.00352907085252941,-0.0116947105978221,FALSE
"Endothelial","Crush",2160,"SNI",6465,0.0035465489075651,-0.0092253367522009,FALSE
"Endothelial","ScNT",6,"MINP",6465,-0.0230163865298497,0.000283625429013379,FALSE
"Endothelial","ScNT",6,"SNI",6465,-0.0134344756779916,-0.0169917472374838,FALSE
"Endothelial","ScNT",12,"MINP",6465,0.00765571188241126,0.0227938590634158,FALSE
"Endothelial","ScNT",12,"SNI",6465,0.00726544893020022,0.00055299450534658,FALSE
"Endothelial","ScNT",24,"MINP",6465,0.000162089342474645,0.0265634873122376,FALSE
"Endothelial","ScNT",24,"SNI",6465,0.0810241972289673,0.0595333006796191,FALSE
"Endothelial","ScNT",72,"MINP",6465,-0.0170275772632603,0.0212531674239042,FALSE
"Endothelial","ScNT",72,"SNI",6465,0.20647461551239,0.115458180724581,FALSE
"Endothelial","ScNT",168,"MINP",6465,-0.0613887411657395,-0.0332417637607505,FALSE
"Endothelial","ScNT",168,"SNI",6465,0.196720085833346,0.11678319436248,FALSE
"Endothelial","ScNT",672,"MINP",6465,-0.0429733259496021,0.0185171443179099,FALSE
"Endothelial","ScNT",672,"SNI",6465,0.079162885875627,0.0539684086217024,FALSE
"Endothelial","ScNT",1440,"MINP",6465,0.0137227692771758,0.0329054496330316,FALSE
"Endothelial","ScNT",1440,"SNI",6465,0.0638376524625424,-0.00755214666608375,FALSE
"Endothelial","SpNT",6,"MINP",6465,0.00641858662108129,0.026132553894183,FALSE
"Endothelial","SpNT",6,"SNI",6465,0.0440669860555273,0.0254659237613014,FALSE
"Endothelial","SpNT",12,"MINP",6465,-0.0405491511234495,-0.0498435370054931,FALSE
"Endothelial","SpNT",12,"SNI",6465,0.08623475890798,0.0762547591287079,FALSE
"Endothelial","SpNT",24,"MINP",6465,-0.0133853299174916,0.0206544770357472,FALSE
"Endothelial","SpNT",24,"SNI",6465,0.179782583520502,0.12828144530458,FALSE
"Endothelial","SpNT",36,"MINP",6465,-0.0400819352876328,0.0183377815769875,FALSE
"Endothelial","SpNT",36,"SNI",6465,0.174369625413471,0.118669987707801,FALSE
"Endothelial","SpNT",48,"MINP",6465,-0.00786673723557022,0.0439716651139913,FALSE
"Endothelial","SpNT",48,"SNI",6465,0.1284968765134,0.0666785910895312,FALSE
"Endothelial","SpNT",72,"MINP",6465,-0.0834224677528294,-0.048888083788733,FALSE
"Endothelial","SpNT",72,"SNI",6465,0.220894386085175,0.161818327653329,FALSE
"Endothelial","SpNT",168,"MINP",6465,-0.0708940457689031,-0.0604534368821597,FALSE
"Endothelial","SpNT",168,"SNI",6465,0.19443012289149,0.129308697065062,FALSE
"Endothelial","CFA",48,"MINP",6465,0.0342563725899023,0.0501722781712629,FALSE
"Endothelial","CFA",48,"SNI",6465,-0.00623075554746126,-0.0200693375274004,FALSE
"Endothelial","Paclitaxel",168,"MINP",6465,-0.00961653745443624,-0.00646372226304793,FALSE
"Endothelial","Paclitaxel",168,"SNI",6465,-0.00310352979564345,-0.0203580203267638,FALSE
"Pericyte","Crush",6,"MINP",2372,0.0927841419758275,0.0752191943840787,FALSE
"Pericyte","Crush",6,"SNI",2372,0.0246136529733431,0.0167426489176855,FALSE
"Pericyte","Crush",24,"MINP",2372,0.11779712430039,0.0988631948731474,FALSE
"Pericyte","Crush",24,"SNI",2372,0.0704110348161726,0.0489357198169431,FALSE
"Pericyte","Crush",72,"MINP",2372,0.076110383531851,0.102662263039215,FALSE
"Pericyte","Crush",72,"SNI",2372,0.346986206068948,0.183219180809538,FALSE
"Pericyte","Crush",168,"MINP",2372,0.0602612049108662,0.0823871616331704,FALSE
"Pericyte","Crush",168,"SNI",2372,0.296602950738089,0.153153020934182,FALSE
"Pericyte","Crush",336,"MINP",2372,0.113503133824785,0.103280326112595,FALSE
"Pericyte","Crush",336,"SNI",2372,0.10580134117507,0.0595226345508791,FALSE
"Pericyte","Crush",672,"MINP",2372,0.100557827190913,0.0716010000023482,FALSE
"Pericyte","Crush",672,"SNI",2372,0.145196090210874,0.0809291900065803,FALSE
"Pericyte","Crush",1440,"MINP",2372,0.0183193080846606,0.0782561044531915,FALSE
"Pericyte","Crush",1440,"SNI",2372,-0.0558735093413279,-0.065653834898999,FALSE
"Pericyte","Crush",2160,"MINP",2372,0.102287841810671,0.107368435303497,FALSE
"Pericyte","Crush",2160,"SNI",2372,0.0408329676097713,0.0441221326125977,FALSE
"Pericyte","ScNT",6,"MINP",2372,0.049452175097813,0.0177981953630562,FALSE
"Pericyte","ScNT",6,"SNI",2372,0.0161079988010661,0.0668908264828552,FALSE
"Pericyte","ScNT",12,"MINP",2372,-0.0872494404812339,-0.029223639801205,FALSE
"Pericyte","ScNT",12,"SNI",2372,0.014822435880567,0.0259574922887349,FALSE
"Pericyte","ScNT",24,"MINP",2372,0.0482949878894233,0.0498683537874452,FALSE
"Pericyte","ScNT",24,"SNI",2372,0.0532635742435188,0.0395143229194299,FALSE
"Pericyte","ScNT",72,"MINP",2372,-0.106495146449514,0.0154633752748955,FALSE
"Pericyte","ScNT",72,"SNI",2372,0.0789067896025561,0.0816958726386201,FALSE
"Pericyte","ScNT",168,"MINP",2372,0.0156577258207491,0.0489458595579445,FALSE
"Pericyte","ScNT",168,"SNI",2372,0.2450349048458,0.126464099396616,FALSE
"Pericyte","ScNT",672,"MINP",2372,0.0433988253040399,0.0485058610050742,FALSE
"Pericyte","ScNT",672,"SNI",2372,0.12986300321701,0.0926977420403273,FALSE
"Pericyte","ScNT",1440,"MINP",2372,0.0868169976666886,0.0698719361769223,FALSE
"Pericyte","ScNT",1440,"SNI",2372,2.13124935943694e-05,0.000758433178273061,FALSE
"Pericyte","SpNT",6,"MINP",2372,0.0516609218655296,0.041847694148259,FALSE
"Pericyte","SpNT",6,"SNI",2372,0.0254833628187426,-0.00212843921811297,FALSE
"Pericyte","SpNT",36,"MINP",2372,0.0184535829445013,0.0280104853157456,FALSE
"Pericyte","SpNT",36,"SNI",2372,0.310570172503054,0.243503201072493,FALSE
"Pericyte","SpNT",48,"MINP",2372,-0.00826754759883958,0.00517125621088828,FALSE
"Pericyte","SpNT",48,"SNI",2372,0.11513640582108,0.064225627412897,FALSE
"Pericyte","SpNT",72,"MINP",2372,-0.1440003051097,-0.00888031886628612,FALSE
"Pericyte","SpNT",72,"SNI",2372,-0.0223552792623887,-0.0476737746671929,FALSE
"Macrophage","Crush",6,"MINP",4147,0.0211445891171545,-0.010431485032866,FALSE
"Macrophage","Crush",6,"SNI",4147,0.0157918562659999,0.0268641437012033,FALSE
"Macrophage","Crush",24,"MINP",4147,0.0307102672319215,-0.0059550712959639,FALSE
"Macrophage","Crush",24,"SNI",4147,0.0944744268838556,0.0839923314001166,FALSE
"Macrophage","Crush",72,"MINP",4147,0.0374504946513502,0.0309000743312684,FALSE
"Macrophage","Crush",72,"SNI",4147,0.23496709228876,0.146683211645178,FALSE
"Macrophage","Crush",168,"MINP",4147,-0.0118854004160361,-0.0289072098298396,FALSE
"Macrophage","Crush",168,"SNI",4147,0.228108446378762,0.158151823310134,FALSE
"Macrophage","Crush",336,"MINP",4147,0.0477315832954534,0.016051732076802,FALSE
"Macrophage","Crush",336,"SNI",4147,0.0933653366413078,0.0726135176287102,FALSE
"Macrophage","Crush",672,"MINP",4147,0.0424231160138236,0.0193272740336151,FALSE
"Macrophage","Crush",672,"SNI",4147,0.0921616164334239,0.0581736105167045,FALSE
"Macrophage","Crush",1440,"MINP",4147,0.032737120381073,-0.0131725154765816,FALSE
"Macrophage","Crush",1440,"SNI",4147,0.0314454893369974,0.0256698045221389,FALSE
"Macrophage","Crush",2160,"MINP",4147,0.0339138755189978,-0.0104730211044283,FALSE
"Macrophage","Crush",2160,"SNI",4147,0.0193262841493143,0.0534114093006667,FALSE
"Macrophage","ScNT",12,"MINP",4147,-0.00973800371092902,-0.0285672791511209,FALSE
"Macrophage","ScNT",12,"SNI",4147,0.0509497242080279,0.0624299599992181,FALSE
"Macrophage","ScNT",24,"MINP",4147,0.0246577439665388,0.0151155574525787,FALSE
"Macrophage","ScNT",24,"SNI",4147,0.0471106339559934,0.0356434790601437,FALSE
"Macrophage","ScNT",72,"MINP",4147,-0.00310509969541937,-0.0106433081661556,FALSE
"Macrophage","ScNT",72,"SNI",4147,0.201469608210235,0.140176251387931,FALSE
"Macrophage","ScNT",168,"MINP",4147,-0.0503171694587507,-0.0235903399725698,FALSE
"Macrophage","ScNT",168,"SNI",4147,0.223683293207382,0.126522519379062,FALSE
"Macrophage","ScNT",672,"MINP",4147,0.029809537860995,0.0292803174728749,FALSE
"Macrophage","ScNT",672,"SNI",4147,0.102007671575011,0.0762814417697296,FALSE
"Macrophage","ScNT",1440,"MINP",4147,0.0382141792319224,0.0479653775349528,FALSE
"Macrophage","ScNT",1440,"SNI",4147,0.0661240828194556,0.0245606330645058,FALSE
"Macrophage","SpNT",6,"MINP",4147,0.00781430334822878,-0.00266157111203129,FALSE
"Macrophage","SpNT",6,"SNI",4147,0.00967058248502072,0.025639148593711,FALSE
"Macrophage","SpNT",12,"MINP",4147,-0.0283130357328169,-0.0567086395462337,FALSE
"Macrophage","SpNT",12,"SNI",4147,0.10925481255965,0.117665347832804,FALSE
"Macrophage","SpNT",24,"MINP",4147,-0.0012273397145947,-0.00517539487276344,FALSE
"Macrophage","SpNT",24,"SNI",4147,0.202725898194187,0.172064075863193,FALSE
"Macrophage","SpNT",36,"MINP",4147,0.0294907105011197,0.00967157461059623,FALSE
"Macrophage","SpNT",36,"SNI",4147,0.231135401712535,0.218032609082203,FALSE
"Macrophage","SpNT",48,"MINP",4147,-0.0266632715203371,-0.0714060553820633,FALSE
"Macrophage","SpNT",48,"SNI",4147,0.221385258346637,0.218521010986804,FALSE
"Macrophage","SpNT",72,"MINP",4147,-0.010271185524637,-0.0441972371696211,FALSE
"Macrophage","SpNT",72,"SNI",4147,0.29429022212965,0.258371538212739,FALSE
"Macrophage","SpNT",168,"MINP",4147,-0.0425860405370547,-0.0709762122355524,FALSE
"Macrophage","SpNT",168,"SNI",4147,0.266009970298289,0.205301024829854,FALSE
"Macrophage","CFA",48,"MINP",4147,-0.00982802408752416,0.0051610411776148,FALSE
"Macrophage","CFA",48,"SNI",4147,0.00851794450933532,0.0128191613080617,FALSE
"B cell","Crush",72,"MINP",1170,0.0138477647386607,0.078465801400266,FALSE
"B cell","Crush",72,"SNI",1170,0.298055072986964,0.175467375964028,FALSE
"B cell","Crush",168,"MINP",1170,-0.0167385760262834,0.0815455218693252,FALSE
"B cell","Crush",168,"SNI",1170,0.246899067414427,0.150787225189876,FALSE
"B cell","Crush",336,"MINP",1170,0.0445669944935021,0.103673699933908,FALSE
"B cell","Crush",336,"SNI",1170,0.0851801702157562,0.0602743732096661,FALSE
"B cell","Crush",672,"MINP",1170,0.037992871942574,0.102309234954235,FALSE
"B cell","Crush",672,"SNI",1170,0.101281703442783,0.0293919030219741,FALSE
"B cell","Crush",1440,"MINP",1170,0.117657479330168,0.125778528230694,FALSE
"B cell","Crush",1440,"SNI",1170,-0.0570733621241643,-0.0964224852262181,FALSE
"B cell","ScNT",168,"MINP",1170,-0.0657034597608571,0.0277513978643309,FALSE
"B cell","ScNT",168,"SNI",1170,0.229859245664076,0.096838664227865,FALSE
"Neutrophil","Crush",72,"MINP",1581,0.0929029899904947,0.124134025060696,FALSE
"Neutrophil","Crush",72,"SNI",1581,0.259294636177981,0.093405005145752,FALSE
"Neutrophil","Crush",168,"MINP",1581,0.0782082707640147,0.117845912054826,FALSE
"Neutrophil","Crush",168,"SNI",1581,0.262259014560152,0.159417084969603,FALSE
"Neutrophil","Crush",336,"MINP",1581,0.111214381419929,0.0787102344432595,FALSE
"Neutrophil","Crush",336,"SNI",1581,0.0842365460330516,0.0567051962787126,FALSE
"Neutrophil","Crush",672,"MINP",1581,0.151797745956948,0.147693429180997,FALSE
"Neutrophil","Crush",672,"SNI",1581,0.116234764878364,0.0128284481791172,FALSE
"Neutrophil","Crush",1440,"MINP",1581,0.00546779385577662,0.0366834387350577,FALSE
"Neutrophil","Crush",1440,"SNI",1581,0.00128248264036359,-0.0182206512950298,FALSE
"Neutrophil","ScNT",168,"MINP",1581,0.0200499665886951,0.0714613970722019,FALSE
"Neutrophil","ScNT",168,"SNI",1581,0.189931679175518,0.020313639013485,FALSE
"Neutrophil","SpNT",48,"MINP",1581,-0.118615080493104,-0.120168434950166,FALSE
"Neutrophil","SpNT",48,"SNI",1581,0.325398523798478,0.324176563184125,FALSE
